timestamp,event_type,client_ip,user_agent,extra
2025-11-17T10:33:08,get_questions,192.168.0.114,"Mozilla/5.0 (X11; Linux x86_64) AppleWebKit/537.36 (KHTML, like Gecko) Chrome/142.0.0.0 Safari/537.36",{'amount': 1}
2025-11-17T10:33:08,get_questions,192.168.0.114,"Mozilla/5.0 (X11; Linux x86_64) AppleWebKit/537.36 (KHTML, like Gecko) Chrome/142.0.0.0 Safari/537.36",{'amount': 1}
2025-11-17T10:33:13,get_questions,192.168.0.114,"Mozilla/5.0 (X11; Linux x86_64) AppleWebKit/537.36 (KHTML, like Gecko) Chrome/142.0.0.0 Safari/537.36",{'amount': 1}
2025-11-17T10:33:15,get_questions,192.168.0.114,"Mozilla/5.0 (X11; Linux x86_64) AppleWebKit/537.36 (KHTML, like Gecko) Chrome/142.0.0.0 Safari/537.36",{'amount': 8}
2025-11-17T10:33:18,get_questions,192.168.0.114,"Mozilla/5.0 (X11; Linux x86_64) AppleWebKit/537.36 (KHTML, like Gecko) Chrome/142.0.0.0 Safari/537.36",{'amount': 1}
2025-11-17T10:33:23,get_questions,192.168.0.114,"Mozilla/5.0 (X11; Linux x86_64) AppleWebKit/537.36 (KHTML, like Gecko) Chrome/142.0.0.0 Safari/537.36",{'amount': 1}
2025-11-17T10:33:28,get_questions,192.168.0.114,"Mozilla/5.0 (X11; Linux x86_64) AppleWebKit/537.36 (KHTML, like Gecko) Chrome/142.0.0.0 Safari/537.36",{'amount': 1}
2025-11-17T10:33:33,get_questions,192.168.0.114,"Mozilla/5.0 (X11; Linux x86_64) AppleWebKit/537.36 (KHTML, like Gecko) Chrome/142.0.0.0 Safari/537.36",{'amount': 1}
2025-11-17T10:33:38,get_questions,192.168.0.114,"Mozilla/5.0 (X11; Linux x86_64) AppleWebKit/537.36 (KHTML, like Gecko) Chrome/142.0.0.0 Safari/537.36",{'amount': 1}
2025-11-17T10:33:43,get_questions,192.168.0.114,"Mozilla/5.0 (X11; Linux x86_64) AppleWebKit/537.36 (KHTML, like Gecko) Chrome/142.0.0.0 Safari/537.36",{'amount': 1}
2025-11-17T10:33:45,submit_game,192.168.0.114,"Mozilla/5.0 (X11; Linux x86_64) AppleWebKit/537.36 (KHTML, like Gecko) Chrome/142.0.0.0 Safari/537.36","{'player_name': 'Anto', 'score': 2, 'total': 8}"
2025-11-17T10:33:48,get_questions,192.168.0.114,"Mozilla/5.0 (X11; Linux x86_64) AppleWebKit/537.36 (KHTML, like Gecko) Chrome/142.0.0.0 Safari/537.36",{'amount': 1}
2025-11-17T10:33:53,get_questions,192.168.0.114,"Mozilla/5.0 (X11; Linux x86_64) AppleWebKit/537.36 (KHTML, like Gecko) Chrome/142.0.0.0 Safari/537.36",{'amount': 1}
2025-11-17T10:33:58,get_questions,192.168.0.114,"Mozilla/5.0 (X11; Linux x86_64) AppleWebKit/537.36 (KHTML, like Gecko) Chrome/142.0.0.0 Safari/537.36",{'amount': 1}
2025-11-17T11:01:40,get_questions,192.168.0.114,"Mozilla/5.0 (X11; Linux x86_64) AppleWebKit/537.36 (KHTML, like Gecko) Chrome/142.0.0.0 Safari/537.36",{'amount': 1}
2025-11-17T11:01:46,get_questions,192.168.0.114,"Mozilla/5.0 (X11; Linux x86_64) AppleWebKit/537.36 (KHTML, like Gecko) Chrome/142.0.0.0 Safari/537.36",{'amount': 1}
2025-11-17T11:01:51,get_questions,192.168.0.114,"Mozilla/5.0 (X11; Linux x86_64) AppleWebKit/537.36 (KHTML, like Gecko) Chrome/142.0.0.0 Safari/537.36",{'amount': 1}
2025-11-17T11:01:56,get_questions,192.168.0.114,"Mozilla/5.0 (X11; Linux x86_64) AppleWebKit/537.36 (KHTML, like Gecko) Chrome/142.0.0.0 Safari/537.36",{'amount': 1}
2025-11-17T11:02:01,get_questions,192.168.0.114,"Mozilla/5.0 (X11; Linux x86_64) AppleWebKit/537.36 (KHTML, like Gecko) Chrome/142.0.0.0 Safari/537.36",{'amount': 1}
2025-11-17T11:02:06,get_questions,192.168.0.114,"Mozilla/5.0 (X11; Linux x86_64) AppleWebKit/537.36 (KHTML, like Gecko) Chrome/142.0.0.0 Safari/537.36",{'amount': 1}
2025-11-17T11:02:11,get_questions,192.168.0.114,"Mozilla/5.0 (X11; Linux x86_64) AppleWebKit/537.36 (KHTML, like Gecko) Chrome/142.0.0.0 Safari/537.36",{'amount': 1}
2025-11-17T11:02:16,get_questions,192.168.0.114,"Mozilla/5.0 (X11; Linux x86_64) AppleWebKit/537.36 (KHTML, like Gecko) Chrome/142.0.0.0 Safari/537.36",{'amount': 1}
2025-11-17T11:02:21,get_questions,192.168.0.114,"Mozilla/5.0 (X11; Linux x86_64) AppleWebKit/537.36 (KHTML, like Gecko) Chrome/142.0.0.0 Safari/537.36",{'amount': 1}
2025-11-17T11:02:26,get_questions,192.168.0.114,"Mozilla/5.0 (X11; Linux x86_64) AppleWebKit/537.36 (KHTML, like Gecko) Chrome/142.0.0.0 Safari/537.36",{'amount': 1}
2025-11-17T11:02:31,get_questions,192.168.0.114,"Mozilla/5.0 (X11; Linux x86_64) AppleWebKit/537.36 (KHTML, like Gecko) Chrome/142.0.0.0 Safari/537.36",{'amount': 1}
2025-11-17T11:02:36,get_questions,192.168.0.114,"Mozilla/5.0 (X11; Linux x86_64) AppleWebKit/537.36 (KHTML, like Gecko) Chrome/142.0.0.0 Safari/537.36",{'amount': 1}
2025-11-17T11:02:41,get_questions,192.168.0.114,"Mozilla/5.0 (X11; Linux x86_64) AppleWebKit/537.36 (KHTML, like Gecko) Chrome/142.0.0.0 Safari/537.36",{'amount': 1}
2025-11-17T11:03:00,get_questions,192.168.0.114,"Mozilla/5.0 (X11; Linux x86_64) AppleWebKit/537.36 (KHTML, like Gecko) Chrome/142.0.0.0 Safari/537.36",{'amount': 1}
2025-11-17T11:04:00,get_questions,192.168.0.114,"Mozilla/5.0 (X11; Linux x86_64) AppleWebKit/537.36 (KHTML, like Gecko) Chrome/142.0.0.0 Safari/537.36",{'amount': 1}
2025-11-17T11:04:31,get_questions,192.168.0.114,"Mozilla/5.0 (X11; Linux x86_64) AppleWebKit/537.36 (KHTML, like Gecko) Chrome/142.0.0.0 Safari/537.36",{'amount': 1}
2025-11-17T11:04:34,get_questions,192.168.0.114,"Mozilla/5.0 (X11; Linux x86_64) AppleWebKit/537.36 (KHTML, like Gecko) Chrome/142.0.0.0 Safari/537.36",{'amount': 1}
2025-11-17T11:04:40,get_questions,192.168.0.114,"Mozilla/5.0 (X11; Linux x86_64) AppleWebKit/537.36 (KHTML, like Gecko) Chrome/142.0.0.0 Safari/537.36",{'amount': 1}
2025-11-17T11:04:45,get_questions,192.168.0.114,"Mozilla/5.0 (X11; Linux x86_64) AppleWebKit/537.36 (KHTML, like Gecko) Chrome/142.0.0.0 Safari/537.36",{'amount': 1}
2025-11-17T11:04:48,get_questions,192.168.0.114,"Mozilla/5.0 (X11; Linux x86_64) AppleWebKit/537.36 (KHTML, like Gecko) Chrome/142.0.0.0 Safari/537.36",{'amount': 5}
2025-11-17T11:04:49,get_questions,192.168.0.114,"Mozilla/5.0 (X11; Linux x86_64) AppleWebKit/537.36 (KHTML, like Gecko) Chrome/142.0.0.0 Safari/537.36",{'amount': 1}
2025-11-17T11:04:54,get_questions,192.168.0.114,"Mozilla/5.0 (X11; Linux x86_64) AppleWebKit/537.36 (KHTML, like Gecko) Chrome/142.0.0.0 Safari/537.36",{'amount': 1}
2025-11-17T11:04:59,get_questions,192.168.0.114,"Mozilla/5.0 (X11; Linux x86_64) AppleWebKit/537.36 (KHTML, like Gecko) Chrome/142.0.0.0 Safari/537.36",{'amount': 1}
2025-11-17T11:05:04,get_questions,192.168.0.114,"Mozilla/5.0 (X11; Linux x86_64) AppleWebKit/537.36 (KHTML, like Gecko) Chrome/142.0.0.0 Safari/537.36",{'amount': 1}
2025-11-17T11:05:09,get_questions,192.168.0.114,"Mozilla/5.0 (X11; Linux x86_64) AppleWebKit/537.36 (KHTML, like Gecko) Chrome/142.0.0.0 Safari/537.36",{'amount': 1}
2025-11-17T11:05:14,get_questions,192.168.0.114,"Mozilla/5.0 (X11; Linux x86_64) AppleWebKit/537.36 (KHTML, like Gecko) Chrome/142.0.0.0 Safari/537.36",{'amount': 1}
2025-11-17T11:05:19,get_questions,192.168.0.114,"Mozilla/5.0 (X11; Linux x86_64) AppleWebKit/537.36 (KHTML, like Gecko) Chrome/142.0.0.0 Safari/537.36",{'amount': 1}
2025-11-17T11:05:24,get_questions,192.168.0.114,"Mozilla/5.0 (X11; Linux x86_64) AppleWebKit/537.36 (KHTML, like Gecko) Chrome/142.0.0.0 Safari/537.36",{'amount': 1}
2025-11-17T11:05:29,get_questions,192.168.0.114,"Mozilla/5.0 (X11; Linux x86_64) AppleWebKit/537.36 (KHTML, like Gecko) Chrome/142.0.0.0 Safari/537.36",{'amount': 1}
2025-11-17T11:05:32,submit_game,192.168.0.114,"Mozilla/5.0 (X11; Linux x86_64) AppleWebKit/537.36 (KHTML, like Gecko) Chrome/142.0.0.0 Safari/537.36","{'player_name': 'An√≥nimo', 'score': 5, 'total': 5}"
2025-11-17T11:05:34,get_questions,192.168.0.114,"Mozilla/5.0 (X11; Linux x86_64) AppleWebKit/537.36 (KHTML, like Gecko) Chrome/142.0.0.0 Safari/537.36",{'amount': 1}
2025-11-17T11:05:39,get_questions,192.168.0.114,"Mozilla/5.0 (X11; Linux x86_64) AppleWebKit/537.36 (KHTML, like Gecko) Chrome/142.0.0.0 Safari/537.36",{'amount': 1}
2025-11-17T11:06:07,get_questions,192.168.0.114,"Mozilla/5.0 (X11; Linux x86_64) AppleWebKit/537.36 (KHTML, like Gecko) Chrome/142.0.0.0 Safari/537.36",{'amount': 1}
2025-11-17T11:06:12,get_questions,192.168.0.114,"Mozilla/5.0 (X11; Linux x86_64) AppleWebKit/537.36 (KHTML, like Gecko) Chrome/142.0.0.0 Safari/537.36",{'amount': 1}
2025-11-17T11:06:17,get_questions,192.168.0.114,"Mozilla/5.0 (X11; Linux x86_64) AppleWebKit/537.36 (KHTML, like Gecko) Chrome/142.0.0.0 Safari/537.36",{'amount': 1}
2025-11-17T11:06:23,get_questions,192.168.0.114,"Mozilla/5.0 (X11; Linux x86_64) AppleWebKit/537.36 (KHTML, like Gecko) Chrome/142.0.0.0 Safari/537.36",{'amount': 1}
2025-11-17T11:06:28,get_questions,192.168.0.114,"Mozilla/5.0 (X11; Linux x86_64) AppleWebKit/537.36 (KHTML, like Gecko) Chrome/142.0.0.0 Safari/537.36",{'amount': 1}
2025-11-17T11:06:33,get_questions,192.168.0.114,"Mozilla/5.0 (X11; Linux x86_64) AppleWebKit/537.36 (KHTML, like Gecko) Chrome/142.0.0.0 Safari/537.36",{'amount': 1}
2025-11-17T11:06:38,get_questions,192.168.0.114,"Mozilla/5.0 (X11; Linux x86_64) AppleWebKit/537.36 (KHTML, like Gecko) Chrome/142.0.0.0 Safari/537.36",{'amount': 1}
2025-11-17T11:06:43,get_questions,192.168.0.114,"Mozilla/5.0 (X11; Linux x86_64) AppleWebKit/537.36 (KHTML, like Gecko) Chrome/142.0.0.0 Safari/537.36",{'amount': 1}
2025-11-17T11:06:48,get_questions,192.168.0.114,"Mozilla/5.0 (X11; Linux x86_64) AppleWebKit/537.36 (KHTML, like Gecko) Chrome/142.0.0.0 Safari/537.36",{'amount': 1}
2025-11-17T11:06:53,get_questions,192.168.0.114,"Mozilla/5.0 (X11; Linux x86_64) AppleWebKit/537.36 (KHTML, like Gecko) Chrome/142.0.0.0 Safari/537.36",{'amount': 1}
2025-11-17T11:06:58,get_questions,192.168.0.114,"Mozilla/5.0 (X11; Linux x86_64) AppleWebKit/537.36 (KHTML, like Gecko) Chrome/142.0.0.0 Safari/537.36",{'amount': 1}
2025-11-17T11:07:03,get_questions,192.168.0.114,"Mozilla/5.0 (X11; Linux x86_64) AppleWebKit/537.36 (KHTML, like Gecko) Chrome/142.0.0.0 Safari/537.36",{'amount': 1}
2025-11-17T11:07:08,get_questions,192.168.0.114,"Mozilla/5.0 (X11; Linux x86_64) AppleWebKit/537.36 (KHTML, like Gecko) Chrome/142.0.0.0 Safari/537.36",{'amount': 1}
2025-11-17T11:07:13,get_questions,192.168.0.114,"Mozilla/5.0 (X11; Linux x86_64) AppleWebKit/537.36 (KHTML, like Gecko) Chrome/142.0.0.0 Safari/537.36",{'amount': 1}
2025-11-17T11:07:18,get_questions,192.168.0.114,"Mozilla/5.0 (X11; Linux x86_64) AppleWebKit/537.36 (KHTML, like Gecko) Chrome/142.0.0.0 Safari/537.36",{'amount': 1}
2025-11-17T11:08:00,get_questions,192.168.0.114,"Mozilla/5.0 (X11; Linux x86_64) AppleWebKit/537.36 (KHTML, like Gecko) Chrome/142.0.0.0 Safari/537.36",{'amount': 1}
2025-11-17T11:09:00,get_questions,192.168.0.114,"Mozilla/5.0 (X11; Linux x86_64) AppleWebKit/537.36 (KHTML, like Gecko) Chrome/142.0.0.0 Safari/537.36",{'amount': 1}
2025-11-17T11:10:00,get_questions,192.168.0.114,"Mozilla/5.0 (X11; Linux x86_64) AppleWebKit/537.36 (KHTML, like Gecko) Chrome/142.0.0.0 Safari/537.36",{'amount': 1}
2025-11-17T11:10:40,get_questions,192.168.0.114,"Mozilla/5.0 (X11; Linux x86_64) AppleWebKit/537.36 (KHTML, like Gecko) Chrome/142.0.0.0 Safari/537.36",{'amount': 1}
2025-11-17T11:10:43,get_questions,192.168.0.114,"Mozilla/5.0 (X11; Linux x86_64) AppleWebKit/537.36 (KHTML, like Gecko) Chrome/142.0.0.0 Safari/537.36",{'amount': 1}
2025-11-17T11:10:48,get_questions,192.168.0.114,"Mozilla/5.0 (X11; Linux x86_64) AppleWebKit/537.36 (KHTML, like Gecko) Chrome/142.0.0.0 Safari/537.36",{'amount': 1}
2025-11-17T11:10:53,get_questions,192.168.0.114,"Mozilla/5.0 (X11; Linux x86_64) AppleWebKit/537.36 (KHTML, like Gecko) Chrome/142.0.0.0 Safari/537.36",{'amount': 1}
2025-11-17T11:10:58,get_questions,192.168.0.114,"Mozilla/5.0 (X11; Linux x86_64) AppleWebKit/537.36 (KHTML, like Gecko) Chrome/142.0.0.0 Safari/537.36",{'amount': 1}
2025-11-17T11:11:03,get_questions,192.168.0.114,"Mozilla/5.0 (X11; Linux x86_64) AppleWebKit/537.36 (KHTML, like Gecko) Chrome/142.0.0.0 Safari/537.36",{'amount': 1}
2025-11-17T11:11:08,get_questions,192.168.0.114,"Mozilla/5.0 (X11; Linux x86_64) AppleWebKit/537.36 (KHTML, like Gecko) Chrome/142.0.0.0 Safari/537.36",{'amount': 1}
2025-11-17T11:11:13,get_questions,192.168.0.114,"Mozilla/5.0 (X11; Linux x86_64) AppleWebKit/537.36 (KHTML, like Gecko) Chrome/142.0.0.0 Safari/537.36",{'amount': 1}
2025-11-17T11:11:18,get_questions,192.168.0.114,"Mozilla/5.0 (X11; Linux x86_64) AppleWebKit/537.36 (KHTML, like Gecko) Chrome/142.0.0.0 Safari/537.36",{'amount': 1}
2025-11-17T11:11:23,get_questions,192.168.0.114,"Mozilla/5.0 (X11; Linux x86_64) AppleWebKit/537.36 (KHTML, like Gecko) Chrome/142.0.0.0 Safari/537.36",{'amount': 1}
2025-11-17T11:11:28,get_questions,192.168.0.114,"Mozilla/5.0 (X11; Linux x86_64) AppleWebKit/537.36 (KHTML, like Gecko) Chrome/142.0.0.0 Safari/537.36",{'amount': 1}
2025-11-17T11:11:33,get_questions,192.168.0.114,"Mozilla/5.0 (X11; Linux x86_64) AppleWebKit/537.36 (KHTML, like Gecko) Chrome/142.0.0.0 Safari/537.36",{'amount': 1}
2025-11-17T11:11:38,get_questions,192.168.0.114,"Mozilla/5.0 (X11; Linux x86_64) AppleWebKit/537.36 (KHTML, like Gecko) Chrome/142.0.0.0 Safari/537.36",{'amount': 1}
2025-11-17T11:12:00,get_questions,192.168.0.114,"Mozilla/5.0 (X11; Linux x86_64) AppleWebKit/537.36 (KHTML, like Gecko) Chrome/142.0.0.0 Safari/537.36",{'amount': 1}
2025-11-17T11:12:21,get_questions,192.168.0.114,"Mozilla/5.0 (X11; Linux x86_64) AppleWebKit/537.36 (KHTML, like Gecko) Chrome/142.0.0.0 Safari/537.36",{'amount': 1}
2025-11-17T11:12:22,get_questions,192.168.0.114,"Mozilla/5.0 (X11; Linux x86_64) AppleWebKit/537.36 (KHTML, like Gecko) Chrome/142.0.0.0 Safari/537.36",{'amount': 1}
2025-11-17T11:12:27,get_questions,192.168.0.114,"Mozilla/5.0 (X11; Linux x86_64) AppleWebKit/537.36 (KHTML, like Gecko) Chrome/142.0.0.0 Safari/537.36",{'amount': 1}
2025-11-17T11:12:32,get_questions,192.168.0.114,"Mozilla/5.0 (X11; Linux x86_64) AppleWebKit/537.36 (KHTML, like Gecko) Chrome/142.0.0.0 Safari/537.36",{'amount': 1}
2025-11-17T11:12:37,get_questions,192.168.0.114,"Mozilla/5.0 (X11; Linux x86_64) AppleWebKit/537.36 (KHTML, like Gecko) Chrome/142.0.0.0 Safari/537.36",{'amount': 1}
2025-11-17T11:12:42,get_questions,192.168.0.114,"Mozilla/5.0 (X11; Linux x86_64) AppleWebKit/537.36 (KHTML, like Gecko) Chrome/142.0.0.0 Safari/537.36",{'amount': 1}
2025-11-17T11:12:48,get_questions,192.168.0.114,"Mozilla/5.0 (X11; Linux x86_64) AppleWebKit/537.36 (KHTML, like Gecko) Chrome/142.0.0.0 Safari/537.36",{'amount': 1}
2025-11-17T11:12:53,get_questions,192.168.0.114,"Mozilla/5.0 (X11; Linux x86_64) AppleWebKit/537.36 (KHTML, like Gecko) Chrome/142.0.0.0 Safari/537.36",{'amount': 1}
2025-11-17T11:12:58,get_questions,192.168.0.114,"Mozilla/5.0 (X11; Linux x86_64) AppleWebKit/537.36 (KHTML, like Gecko) Chrome/142.0.0.0 Safari/537.36",{'amount': 1}
2025-11-17T11:13:03,get_questions,192.168.0.114,"Mozilla/5.0 (X11; Linux x86_64) AppleWebKit/537.36 (KHTML, like Gecko) Chrome/142.0.0.0 Safari/537.36",{'amount': 1}
2025-11-17T11:13:08,get_questions,192.168.0.114,"Mozilla/5.0 (X11; Linux x86_64) AppleWebKit/537.36 (KHTML, like Gecko) Chrome/142.0.0.0 Safari/537.36",{'amount': 1}
2025-11-17T11:13:13,get_questions,192.168.0.114,"Mozilla/5.0 (X11; Linux x86_64) AppleWebKit/537.36 (KHTML, like Gecko) Chrome/142.0.0.0 Safari/537.36",{'amount': 1}
2025-11-17T11:13:18,get_questions,192.168.0.114,"Mozilla/5.0 (X11; Linux x86_64) AppleWebKit/537.36 (KHTML, like Gecko) Chrome/142.0.0.0 Safari/537.36",{'amount': 1}
2025-11-17T11:13:23,get_questions,192.168.0.114,"Mozilla/5.0 (X11; Linux x86_64) AppleWebKit/537.36 (KHTML, like Gecko) Chrome/142.0.0.0 Safari/537.36",{'amount': 1}
2025-11-17T11:13:28,get_questions,192.168.0.114,"Mozilla/5.0 (X11; Linux x86_64) AppleWebKit/537.36 (KHTML, like Gecko) Chrome/142.0.0.0 Safari/537.36",{'amount': 1}
2025-11-17T11:13:33,get_questions,192.168.0.114,"Mozilla/5.0 (X11; Linux x86_64) AppleWebKit/537.36 (KHTML, like Gecko) Chrome/142.0.0.0 Safari/537.36",{'amount': 1}
2025-11-17T11:13:38,get_questions,192.168.0.114,"Mozilla/5.0 (X11; Linux x86_64) AppleWebKit/537.36 (KHTML, like Gecko) Chrome/142.0.0.0 Safari/537.36",{'amount': 1}
2025-11-17T11:14:00,get_questions,192.168.0.114,"Mozilla/5.0 (X11; Linux x86_64) AppleWebKit/537.36 (KHTML, like Gecko) Chrome/142.0.0.0 Safari/537.36",{'amount': 1}
2025-11-17T11:14:51,get_questions,192.168.0.114,"Mozilla/5.0 (X11; Linux x86_64) AppleWebKit/537.36 (KHTML, like Gecko) Chrome/142.0.0.0 Safari/537.36",{'amount': 1}
2025-11-17T11:14:52,get_questions,192.168.0.114,"Mozilla/5.0 (X11; Linux x86_64) AppleWebKit/537.36 (KHTML, like Gecko) Chrome/142.0.0.0 Safari/537.36",{'amount': 1}
2025-11-17T11:14:58,get_questions,192.168.0.114,"Mozilla/5.0 (X11; Linux x86_64) AppleWebKit/537.36 (KHTML, like Gecko) Chrome/142.0.0.0 Safari/537.36",{'amount': 1}
2025-11-17T11:15:03,get_questions,192.168.0.114,"Mozilla/5.0 (X11; Linux x86_64) AppleWebKit/537.36 (KHTML, like Gecko) Chrome/142.0.0.0 Safari/537.36",{'amount': 1}
2025-11-17T11:15:08,get_questions,192.168.0.114,"Mozilla/5.0 (X11; Linux x86_64) AppleWebKit/537.36 (KHTML, like Gecko) Chrome/142.0.0.0 Safari/537.36",{'amount': 1}
2025-11-17T11:15:13,get_questions,192.168.0.114,"Mozilla/5.0 (X11; Linux x86_64) AppleWebKit/537.36 (KHTML, like Gecko) Chrome/142.0.0.0 Safari/537.36",{'amount': 1}
2025-11-17T11:15:18,get_questions,192.168.0.114,"Mozilla/5.0 (X11; Linux x86_64) AppleWebKit/537.36 (KHTML, like Gecko) Chrome/142.0.0.0 Safari/537.36",{'amount': 1}
2025-11-17T11:15:23,get_questions,192.168.0.114,"Mozilla/5.0 (X11; Linux x86_64) AppleWebKit/537.36 (KHTML, like Gecko) Chrome/142.0.0.0 Safari/537.36",{'amount': 1}
2025-11-17T11:15:28,get_questions,192.168.0.114,"Mozilla/5.0 (X11; Linux x86_64) AppleWebKit/537.36 (KHTML, like Gecko) Chrome/142.0.0.0 Safari/537.36",{'amount': 1}
2025-11-17T11:15:33,get_questions,192.168.0.114,"Mozilla/5.0 (X11; Linux x86_64) AppleWebKit/537.36 (KHTML, like Gecko) Chrome/142.0.0.0 Safari/537.36",{'amount': 1}
2025-11-17T11:15:38,get_questions,192.168.0.114,"Mozilla/5.0 (X11; Linux x86_64) AppleWebKit/537.36 (KHTML, like Gecko) Chrome/142.0.0.0 Safari/537.36",{'amount': 1}
2025-11-17T11:15:43,get_questions,192.168.0.114,"Mozilla/5.0 (X11; Linux x86_64) AppleWebKit/537.36 (KHTML, like Gecko) Chrome/142.0.0.0 Safari/537.36",{'amount': 1}
2025-11-17T11:15:48,get_questions,192.168.0.114,"Mozilla/5.0 (X11; Linux x86_64) AppleWebKit/537.36 (KHTML, like Gecko) Chrome/142.0.0.0 Safari/537.36",{'amount': 1}
2025-11-17T11:15:53,get_questions,192.168.0.114,"Mozilla/5.0 (X11; Linux x86_64) AppleWebKit/537.36 (KHTML, like Gecko) Chrome/142.0.0.0 Safari/537.36",{'amount': 1}
2025-11-17T11:16:00,get_questions,192.168.0.114,"Mozilla/5.0 (X11; Linux x86_64) AppleWebKit/537.36 (KHTML, like Gecko) Chrome/142.0.0.0 Safari/537.36",{'amount': 1}
2025-11-17T11:17:00,get_questions,192.168.0.114,"Mozilla/5.0 (X11; Linux x86_64) AppleWebKit/537.36 (KHTML, like Gecko) Chrome/142.0.0.0 Safari/537.36",{'amount': 1}
2025-11-17T11:17:50,get_questions,192.168.0.114,"Mozilla/5.0 (X11; Linux x86_64) AppleWebKit/537.36 (KHTML, like Gecko) Chrome/142.0.0.0 Safari/537.36",{'amount': 1}
2025-11-17T11:17:52,get_questions,192.168.0.114,"Mozilla/5.0 (X11; Linux x86_64) AppleWebKit/537.36 (KHTML, like Gecko) Chrome/142.0.0.0 Safari/537.36",{'amount': 1}
2025-11-17T11:17:57,get_questions,192.168.0.114,"Mozilla/5.0 (X11; Linux x86_64) AppleWebKit/537.36 (KHTML, like Gecko) Chrome/142.0.0.0 Safari/537.36",{'amount': 1}
2025-11-17T11:18:02,get_questions,192.168.0.114,"Mozilla/5.0 (X11; Linux x86_64) AppleWebKit/537.36 (KHTML, like Gecko) Chrome/142.0.0.0 Safari/537.36",{'amount': 1}
2025-11-17T11:18:07,get_questions,192.168.0.114,"Mozilla/5.0 (X11; Linux x86_64) AppleWebKit/537.36 (KHTML, like Gecko) Chrome/142.0.0.0 Safari/537.36",{'amount': 1}
2025-11-17T11:18:13,get_questions,192.168.0.114,"Mozilla/5.0 (X11; Linux x86_64) AppleWebKit/537.36 (KHTML, like Gecko) Chrome/142.0.0.0 Safari/537.36",{'amount': 1}
2025-11-17T11:18:18,get_questions,192.168.0.114,"Mozilla/5.0 (X11; Linux x86_64) AppleWebKit/537.36 (KHTML, like Gecko) Chrome/142.0.0.0 Safari/537.36",{'amount': 1}
2025-11-17T11:18:23,get_questions,192.168.0.114,"Mozilla/5.0 (X11; Linux x86_64) AppleWebKit/537.36 (KHTML, like Gecko) Chrome/142.0.0.0 Safari/537.36",{'amount': 1}
2025-11-17T11:18:28,get_questions,192.168.0.114,"Mozilla/5.0 (X11; Linux x86_64) AppleWebKit/537.36 (KHTML, like Gecko) Chrome/142.0.0.0 Safari/537.36",{'amount': 1}
2025-11-17T11:18:33,get_questions,192.168.0.114,"Mozilla/5.0 (X11; Linux x86_64) AppleWebKit/537.36 (KHTML, like Gecko) Chrome/142.0.0.0 Safari/537.36",{'amount': 1}
2025-11-17T11:18:38,get_questions,192.168.0.114,"Mozilla/5.0 (X11; Linux x86_64) AppleWebKit/537.36 (KHTML, like Gecko) Chrome/142.0.0.0 Safari/537.36",{'amount': 1}
2025-11-17T11:18:43,get_questions,192.168.0.114,"Mozilla/5.0 (X11; Linux x86_64) AppleWebKit/537.36 (KHTML, like Gecko) Chrome/142.0.0.0 Safari/537.36",{'amount': 1}
2025-11-17T11:18:48,get_questions,192.168.0.114,"Mozilla/5.0 (X11; Linux x86_64) AppleWebKit/537.36 (KHTML, like Gecko) Chrome/142.0.0.0 Safari/537.36",{'amount': 1}
2025-11-17T11:18:53,get_questions,192.168.0.114,"Mozilla/5.0 (X11; Linux x86_64) AppleWebKit/537.36 (KHTML, like Gecko) Chrome/142.0.0.0 Safari/537.36",{'amount': 1}
2025-11-17T11:18:58,get_questions,192.168.0.114,"Mozilla/5.0 (X11; Linux x86_64) AppleWebKit/537.36 (KHTML, like Gecko) Chrome/142.0.0.0 Safari/537.36",{'amount': 1}
2025-11-17T11:19:03,get_questions,192.168.0.114,"Mozilla/5.0 (X11; Linux x86_64) AppleWebKit/537.36 (KHTML, like Gecko) Chrome/142.0.0.0 Safari/537.36",{'amount': 1}
2025-11-17T11:19:08,get_questions,192.168.0.114,"Mozilla/5.0 (X11; Linux x86_64) AppleWebKit/537.36 (KHTML, like Gecko) Chrome/142.0.0.0 Safari/537.36",{'amount': 1}
2025-11-17T11:20:00,get_questions,192.168.0.114,"Mozilla/5.0 (X11; Linux x86_64) AppleWebKit/537.36 (KHTML, like Gecko) Chrome/142.0.0.0 Safari/537.36",{'amount': 1}
2025-11-17T11:21:00,get_questions,192.168.0.114,"Mozilla/5.0 (X11; Linux x86_64) AppleWebKit/537.36 (KHTML, like Gecko) Chrome/142.0.0.0 Safari/537.36",{'amount': 1}
2025-11-17T11:22:00,get_questions,192.168.0.114,"Mozilla/5.0 (X11; Linux x86_64) AppleWebKit/537.36 (KHTML, like Gecko) Chrome/142.0.0.0 Safari/537.36",{'amount': 1}
2025-11-17T11:23:00,get_questions,192.168.0.114,"Mozilla/5.0 (X11; Linux x86_64) AppleWebKit/537.36 (KHTML, like Gecko) Chrome/142.0.0.0 Safari/537.36",{'amount': 1}
2025-11-17T11:24:00,get_questions,192.168.0.114,"Mozilla/5.0 (X11; Linux x86_64) AppleWebKit/537.36 (KHTML, like Gecko) Chrome/142.0.0.0 Safari/537.36",{'amount': 1}
2025-11-17T11:25:00,get_questions,192.168.0.114,"Mozilla/5.0 (X11; Linux x86_64) AppleWebKit/537.36 (KHTML, like Gecko) Chrome/142.0.0.0 Safari/537.36",{'amount': 1}
2025-11-17T11:26:00,get_questions,192.168.0.114,"Mozilla/5.0 (X11; Linux x86_64) AppleWebKit/537.36 (KHTML, like Gecko) Chrome/142.0.0.0 Safari/537.36",{'amount': 1}
2025-11-17T11:27:00,get_questions,192.168.0.114,"Mozilla/5.0 (X11; Linux x86_64) AppleWebKit/537.36 (KHTML, like Gecko) Chrome/142.0.0.0 Safari/537.36",{'amount': 1}
2025-11-17T11:28:00,get_questions,192.168.0.114,"Mozilla/5.0 (X11; Linux x86_64) AppleWebKit/537.36 (KHTML, like Gecko) Chrome/142.0.0.0 Safari/537.36",{'amount': 1}
2025-11-17T11:29:00,get_questions,192.168.0.114,"Mozilla/5.0 (X11; Linux x86_64) AppleWebKit/537.36 (KHTML, like Gecko) Chrome/142.0.0.0 Safari/537.36",{'amount': 1}
2025-11-17T11:30:00,get_questions,192.168.0.114,"Mozilla/5.0 (X11; Linux x86_64) AppleWebKit/537.36 (KHTML, like Gecko) Chrome/142.0.0.0 Safari/537.36",{'amount': 1}
2025-11-17T11:31:00,get_questions,192.168.0.114,"Mozilla/5.0 (X11; Linux x86_64) AppleWebKit/537.36 (KHTML, like Gecko) Chrome/142.0.0.0 Safari/537.36",{'amount': 1}
2025-11-17T11:32:00,get_questions,192.168.0.114,"Mozilla/5.0 (X11; Linux x86_64) AppleWebKit/537.36 (KHTML, like Gecko) Chrome/142.0.0.0 Safari/537.36",{'amount': 1}
2025-11-17T11:33:00,get_questions,192.168.0.114,"Mozilla/5.0 (X11; Linux x86_64) AppleWebKit/537.36 (KHTML, like Gecko) Chrome/142.0.0.0 Safari/537.36",{'amount': 1}
2025-11-17T11:34:00,get_questions,192.168.0.114,"Mozilla/5.0 (X11; Linux x86_64) AppleWebKit/537.36 (KHTML, like Gecko) Chrome/142.0.0.0 Safari/537.36",{'amount': 1}
2025-11-17T11:35:00,get_questions,192.168.0.114,"Mozilla/5.0 (X11; Linux x86_64) AppleWebKit/537.36 (KHTML, like Gecko) Chrome/142.0.0.0 Safari/537.36",{'amount': 1}
2025-11-17T11:36:00,get_questions,192.168.0.114,"Mozilla/5.0 (X11; Linux x86_64) AppleWebKit/537.36 (KHTML, like Gecko) Chrome/142.0.0.0 Safari/537.36",{'amount': 1}
2025-11-17T11:37:00,get_questions,192.168.0.114,"Mozilla/5.0 (X11; Linux x86_64) AppleWebKit/537.36 (KHTML, like Gecko) Chrome/142.0.0.0 Safari/537.36",{'amount': 1}
2025-11-17T11:38:00,get_questions,192.168.0.114,"Mozilla/5.0 (X11; Linux x86_64) AppleWebKit/537.36 (KHTML, like Gecko) Chrome/142.0.0.0 Safari/537.36",{'amount': 1}
2025-11-17T11:39:00,get_questions,192.168.0.114,"Mozilla/5.0 (X11; Linux x86_64) AppleWebKit/537.36 (KHTML, like Gecko) Chrome/142.0.0.0 Safari/537.36",{'amount': 1}
2025-11-17T11:40:00,get_questions,192.168.0.114,"Mozilla/5.0 (X11; Linux x86_64) AppleWebKit/537.36 (KHTML, like Gecko) Chrome/142.0.0.0 Safari/537.36",{'amount': 1}
2025-11-17T11:41:00,get_questions,192.168.0.114,"Mozilla/5.0 (X11; Linux x86_64) AppleWebKit/537.36 (KHTML, like Gecko) Chrome/142.0.0.0 Safari/537.36",{'amount': 1}
2025-11-17T11:42:00,get_questions,192.168.0.114,"Mozilla/5.0 (X11; Linux x86_64) AppleWebKit/537.36 (KHTML, like Gecko) Chrome/142.0.0.0 Safari/537.36",{'amount': 1}
2025-11-17T11:43:00,get_questions,192.168.0.114,"Mozilla/5.0 (X11; Linux x86_64) AppleWebKit/537.36 (KHTML, like Gecko) Chrome/142.0.0.0 Safari/537.36",{'amount': 1}
2025-11-17T11:44:00,get_questions,192.168.0.114,"Mozilla/5.0 (X11; Linux x86_64) AppleWebKit/537.36 (KHTML, like Gecko) Chrome/142.0.0.0 Safari/537.36",{'amount': 1}
2025-11-17T11:45:00,get_questions,192.168.0.114,"Mozilla/5.0 (X11; Linux x86_64) AppleWebKit/537.36 (KHTML, like Gecko) Chrome/142.0.0.0 Safari/537.36",{'amount': 1}
2025-11-17T11:46:00,get_questions,192.168.0.114,"Mozilla/5.0 (X11; Linux x86_64) AppleWebKit/537.36 (KHTML, like Gecko) Chrome/142.0.0.0 Safari/537.36",{'amount': 1}
2025-11-17T11:47:00,get_questions,192.168.0.114,"Mozilla/5.0 (X11; Linux x86_64) AppleWebKit/537.36 (KHTML, like Gecko) Chrome/142.0.0.0 Safari/537.36",{'amount': 1}
2025-11-17T11:48:00,get_questions,192.168.0.114,"Mozilla/5.0 (X11; Linux x86_64) AppleWebKit/537.36 (KHTML, like Gecko) Chrome/142.0.0.0 Safari/537.36",{'amount': 1}
2025-11-17T11:49:00,get_questions,192.168.0.114,"Mozilla/5.0 (X11; Linux x86_64) AppleWebKit/537.36 (KHTML, like Gecko) Chrome/142.0.0.0 Safari/537.36",{'amount': 1}
2025-11-17T11:50:00,get_questions,192.168.0.114,"Mozilla/5.0 (X11; Linux x86_64) AppleWebKit/537.36 (KHTML, like Gecko) Chrome/142.0.0.0 Safari/537.36",{'amount': 1}
2025-11-17T11:51:00,get_questions,192.168.0.114,"Mozilla/5.0 (X11; Linux x86_64) AppleWebKit/537.36 (KHTML, like Gecko) Chrome/142.0.0.0 Safari/537.36",{'amount': 1}
2025-11-17T11:52:00,get_questions,192.168.0.114,"Mozilla/5.0 (X11; Linux x86_64) AppleWebKit/537.36 (KHTML, like Gecko) Chrome/142.0.0.0 Safari/537.36",{'amount': 1}
2025-11-17T11:53:00,get_questions,192.168.0.114,"Mozilla/5.0 (X11; Linux x86_64) AppleWebKit/537.36 (KHTML, like Gecko) Chrome/142.0.0.0 Safari/537.36",{'amount': 1}
2025-11-17T11:54:00,get_questions,192.168.0.114,"Mozilla/5.0 (X11; Linux x86_64) AppleWebKit/537.36 (KHTML, like Gecko) Chrome/142.0.0.0 Safari/537.36",{'amount': 1}
2025-11-17T11:55:00,get_questions,192.168.0.114,"Mozilla/5.0 (X11; Linux x86_64) AppleWebKit/537.36 (KHTML, like Gecko) Chrome/142.0.0.0 Safari/537.36",{'amount': 1}
2025-11-17T11:56:00,get_questions,192.168.0.114,"Mozilla/5.0 (X11; Linux x86_64) AppleWebKit/537.36 (KHTML, like Gecko) Chrome/142.0.0.0 Safari/537.36",{'amount': 1}
2025-11-17T11:57:00,get_questions,192.168.0.114,"Mozilla/5.0 (X11; Linux x86_64) AppleWebKit/537.36 (KHTML, like Gecko) Chrome/142.0.0.0 Safari/537.36",{'amount': 1}
2025-11-17T11:58:00,get_questions,192.168.0.114,"Mozilla/5.0 (X11; Linux x86_64) AppleWebKit/537.36 (KHTML, like Gecko) Chrome/142.0.0.0 Safari/537.36",{'amount': 1}
2025-11-17T11:59:00,get_questions,192.168.0.114,"Mozilla/5.0 (X11; Linux x86_64) AppleWebKit/537.36 (KHTML, like Gecko) Chrome/142.0.0.0 Safari/537.36",{'amount': 1}
2025-11-17T12:00:00,get_questions,192.168.0.114,"Mozilla/5.0 (X11; Linux x86_64) AppleWebKit/537.36 (KHTML, like Gecko) Chrome/142.0.0.0 Safari/537.36",{'amount': 1}
2025-11-17T12:01:00,get_questions,192.168.0.114,"Mozilla/5.0 (X11; Linux x86_64) AppleWebKit/537.36 (KHTML, like Gecko) Chrome/142.0.0.0 Safari/537.36",{'amount': 1}
2025-11-17T12:02:00,get_questions,192.168.0.114,"Mozilla/5.0 (X11; Linux x86_64) AppleWebKit/537.36 (KHTML, like Gecko) Chrome/142.0.0.0 Safari/537.36",{'amount': 1}
2025-11-17T12:03:00,get_questions,192.168.0.114,"Mozilla/5.0 (X11; Linux x86_64) AppleWebKit/537.36 (KHTML, like Gecko) Chrome/142.0.0.0 Safari/537.36",{'amount': 1}
2025-11-17T12:04:00,get_questions,192.168.0.114,"Mozilla/5.0 (X11; Linux x86_64) AppleWebKit/537.36 (KHTML, like Gecko) Chrome/142.0.0.0 Safari/537.36",{'amount': 1}
2025-11-17T12:05:00,get_questions,192.168.0.114,"Mozilla/5.0 (X11; Linux x86_64) AppleWebKit/537.36 (KHTML, like Gecko) Chrome/142.0.0.0 Safari/537.36",{'amount': 1}
2025-11-17T12:06:00,get_questions,192.168.0.114,"Mozilla/5.0 (X11; Linux x86_64) AppleWebKit/537.36 (KHTML, like Gecko) Chrome/142.0.0.0 Safari/537.36",{'amount': 1}
2025-11-17T12:07:00,get_questions,192.168.0.114,"Mozilla/5.0 (X11; Linux x86_64) AppleWebKit/537.36 (KHTML, like Gecko) Chrome/142.0.0.0 Safari/537.36",{'amount': 1}
2025-11-17T12:08:00,get_questions,192.168.0.114,"Mozilla/5.0 (X11; Linux x86_64) AppleWebKit/537.36 (KHTML, like Gecko) Chrome/142.0.0.0 Safari/537.36",{'amount': 1}
2025-11-17T12:09:00,get_questions,192.168.0.114,"Mozilla/5.0 (X11; Linux x86_64) AppleWebKit/537.36 (KHTML, like Gecko) Chrome/142.0.0.0 Safari/537.36",{'amount': 1}
2025-11-17T12:10:00,get_questions,192.168.0.114,"Mozilla/5.0 (X11; Linux x86_64) AppleWebKit/537.36 (KHTML, like Gecko) Chrome/142.0.0.0 Safari/537.36",{'amount': 1}
2025-11-17T12:11:00,get_questions,192.168.0.114,"Mozilla/5.0 (X11; Linux x86_64) AppleWebKit/537.36 (KHTML, like Gecko) Chrome/142.0.0.0 Safari/537.36",{'amount': 1}
2025-11-17T12:12:00,get_questions,192.168.0.114,"Mozilla/5.0 (X11; Linux x86_64) AppleWebKit/537.36 (KHTML, like Gecko) Chrome/142.0.0.0 Safari/537.36",{'amount': 1}
2025-11-17T12:13:00,get_questions,192.168.0.114,"Mozilla/5.0 (X11; Linux x86_64) AppleWebKit/537.36 (KHTML, like Gecko) Chrome/142.0.0.0 Safari/537.36",{'amount': 1}
2025-11-17T12:14:00,get_questions,192.168.0.114,"Mozilla/5.0 (X11; Linux x86_64) AppleWebKit/537.36 (KHTML, like Gecko) Chrome/142.0.0.0 Safari/537.36",{'amount': 1}
2025-11-17T12:15:00,get_questions,192.168.0.114,"Mozilla/5.0 (X11; Linux x86_64) AppleWebKit/537.36 (KHTML, like Gecko) Chrome/142.0.0.0 Safari/537.36",{'amount': 1}
2025-11-17T12:16:00,get_questions,192.168.0.114,"Mozilla/5.0 (X11; Linux x86_64) AppleWebKit/537.36 (KHTML, like Gecko) Chrome/142.0.0.0 Safari/537.36",{'amount': 1}
2025-11-17T12:17:00,get_questions,192.168.0.114,"Mozilla/5.0 (X11; Linux x86_64) AppleWebKit/537.36 (KHTML, like Gecko) Chrome/142.0.0.0 Safari/537.36",{'amount': 1}
2025-11-17T12:18:00,get_questions,192.168.0.114,"Mozilla/5.0 (X11; Linux x86_64) AppleWebKit/537.36 (KHTML, like Gecko) Chrome/142.0.0.0 Safari/537.36",{'amount': 1}
2025-11-17T12:19:00,get_questions,192.168.0.114,"Mozilla/5.0 (X11; Linux x86_64) AppleWebKit/537.36 (KHTML, like Gecko) Chrome/142.0.0.0 Safari/537.36",{'amount': 1}
2025-11-17T12:20:00,get_questions,192.168.0.114,"Mozilla/5.0 (X11; Linux x86_64) AppleWebKit/537.36 (KHTML, like Gecko) Chrome/142.0.0.0 Safari/537.36",{'amount': 1}
2025-11-17T12:21:00,get_questions,192.168.0.114,"Mozilla/5.0 (X11; Linux x86_64) AppleWebKit/537.36 (KHTML, like Gecko) Chrome/142.0.0.0 Safari/537.36",{'amount': 1}
2025-11-17T12:22:00,get_questions,192.168.0.114,"Mozilla/5.0 (X11; Linux x86_64) AppleWebKit/537.36 (KHTML, like Gecko) Chrome/142.0.0.0 Safari/537.36",{'amount': 1}
2025-11-17T12:23:00,get_questions,192.168.0.114,"Mozilla/5.0 (X11; Linux x86_64) AppleWebKit/537.36 (KHTML, like Gecko) Chrome/142.0.0.0 Safari/537.36",{'amount': 1}
2025-11-17T12:24:00,get_questions,192.168.0.114,"Mozilla/5.0 (X11; Linux x86_64) AppleWebKit/537.36 (KHTML, like Gecko) Chrome/142.0.0.0 Safari/537.36",{'amount': 1}
2025-11-17T12:25:00,get_questions,192.168.0.114,"Mozilla/5.0 (X11; Linux x86_64) AppleWebKit/537.36 (KHTML, like Gecko) Chrome/142.0.0.0 Safari/537.36",{'amount': 1}
2025-11-17T12:26:00,get_questions,192.168.0.114,"Mozilla/5.0 (X11; Linux x86_64) AppleWebKit/537.36 (KHTML, like Gecko) Chrome/142.0.0.0 Safari/537.36",{'amount': 1}
2025-11-17T12:27:00,get_questions,192.168.0.114,"Mozilla/5.0 (X11; Linux x86_64) AppleWebKit/537.36 (KHTML, like Gecko) Chrome/142.0.0.0 Safari/537.36",{'amount': 1}
2025-11-17T12:28:00,get_questions,192.168.0.114,"Mozilla/5.0 (X11; Linux x86_64) AppleWebKit/537.36 (KHTML, like Gecko) Chrome/142.0.0.0 Safari/537.36",{'amount': 1}
2025-11-17T12:29:00,get_questions,192.168.0.114,"Mozilla/5.0 (X11; Linux x86_64) AppleWebKit/537.36 (KHTML, like Gecko) Chrome/142.0.0.0 Safari/537.36",{'amount': 1}
2025-11-17T12:30:00,get_questions,192.168.0.114,"Mozilla/5.0 (X11; Linux x86_64) AppleWebKit/537.36 (KHTML, like Gecko) Chrome/142.0.0.0 Safari/537.36",{'amount': 1}
2025-11-17T12:31:00,get_questions,192.168.0.114,"Mozilla/5.0 (X11; Linux x86_64) AppleWebKit/537.36 (KHTML, like Gecko) Chrome/142.0.0.0 Safari/537.36",{'amount': 1}
2025-11-17T12:32:00,get_questions,192.168.0.114,"Mozilla/5.0 (X11; Linux x86_64) AppleWebKit/537.36 (KHTML, like Gecko) Chrome/142.0.0.0 Safari/537.36",{'amount': 1}
2025-11-17T12:33:00,get_questions,192.168.0.114,"Mozilla/5.0 (X11; Linux x86_64) AppleWebKit/537.36 (KHTML, like Gecko) Chrome/142.0.0.0 Safari/537.36",{'amount': 1}
2025-11-17T12:34:00,get_questions,192.168.0.114,"Mozilla/5.0 (X11; Linux x86_64) AppleWebKit/537.36 (KHTML, like Gecko) Chrome/142.0.0.0 Safari/537.36",{'amount': 1}
2025-11-17T12:35:00,get_questions,192.168.0.114,"Mozilla/5.0 (X11; Linux x86_64) AppleWebKit/537.36 (KHTML, like Gecko) Chrome/142.0.0.0 Safari/537.36",{'amount': 1}
2025-11-17T12:36:00,get_questions,192.168.0.114,"Mozilla/5.0 (X11; Linux x86_64) AppleWebKit/537.36 (KHTML, like Gecko) Chrome/142.0.0.0 Safari/537.36",{'amount': 1}
2025-11-17T12:37:00,get_questions,192.168.0.114,"Mozilla/5.0 (X11; Linux x86_64) AppleWebKit/537.36 (KHTML, like Gecko) Chrome/142.0.0.0 Safari/537.36",{'amount': 1}
2025-11-17T12:38:00,get_questions,192.168.0.114,"Mozilla/5.0 (X11; Linux x86_64) AppleWebKit/537.36 (KHTML, like Gecko) Chrome/142.0.0.0 Safari/537.36",{'amount': 1}
2025-11-17T12:39:00,get_questions,192.168.0.114,"Mozilla/5.0 (X11; Linux x86_64) AppleWebKit/537.36 (KHTML, like Gecko) Chrome/142.0.0.0 Safari/537.36",{'amount': 1}
2025-11-17T12:40:00,get_questions,192.168.0.114,"Mozilla/5.0 (X11; Linux x86_64) AppleWebKit/537.36 (KHTML, like Gecko) Chrome/142.0.0.0 Safari/537.36",{'amount': 1}
2025-11-17T12:41:00,get_questions,192.168.0.114,"Mozilla/5.0 (X11; Linux x86_64) AppleWebKit/537.36 (KHTML, like Gecko) Chrome/142.0.0.0 Safari/537.36",{'amount': 1}
2025-11-17T12:42:00,get_questions,192.168.0.114,"Mozilla/5.0 (X11; Linux x86_64) AppleWebKit/537.36 (KHTML, like Gecko) Chrome/142.0.0.0 Safari/537.36",{'amount': 1}
2025-11-17T12:43:00,get_questions,192.168.0.114,"Mozilla/5.0 (X11; Linux x86_64) AppleWebKit/537.36 (KHTML, like Gecko) Chrome/142.0.0.0 Safari/537.36",{'amount': 1}
2025-11-17T12:44:00,get_questions,192.168.0.114,"Mozilla/5.0 (X11; Linux x86_64) AppleWebKit/537.36 (KHTML, like Gecko) Chrome/142.0.0.0 Safari/537.36",{'amount': 1}
2025-11-17T12:45:00,get_questions,192.168.0.114,"Mozilla/5.0 (X11; Linux x86_64) AppleWebKit/537.36 (KHTML, like Gecko) Chrome/142.0.0.0 Safari/537.36",{'amount': 1}
2025-11-17T12:46:00,get_questions,192.168.0.114,"Mozilla/5.0 (X11; Linux x86_64) AppleWebKit/537.36 (KHTML, like Gecko) Chrome/142.0.0.0 Safari/537.36",{'amount': 1}
2025-11-17T12:47:00,get_questions,192.168.0.114,"Mozilla/5.0 (X11; Linux x86_64) AppleWebKit/537.36 (KHTML, like Gecko) Chrome/142.0.0.0 Safari/537.36",{'amount': 1}
2025-11-17T12:48:00,get_questions,192.168.0.114,"Mozilla/5.0 (X11; Linux x86_64) AppleWebKit/537.36 (KHTML, like Gecko) Chrome/142.0.0.0 Safari/537.36",{'amount': 1}
2025-11-17T12:49:00,get_questions,192.168.0.114,"Mozilla/5.0 (X11; Linux x86_64) AppleWebKit/537.36 (KHTML, like Gecko) Chrome/142.0.0.0 Safari/537.36",{'amount': 1}
2025-11-17T12:50:00,get_questions,192.168.0.114,"Mozilla/5.0 (X11; Linux x86_64) AppleWebKit/537.36 (KHTML, like Gecko) Chrome/142.0.0.0 Safari/537.36",{'amount': 1}
2025-11-17T12:51:00,get_questions,192.168.0.114,"Mozilla/5.0 (X11; Linux x86_64) AppleWebKit/537.36 (KHTML, like Gecko) Chrome/142.0.0.0 Safari/537.36",{'amount': 1}
2025-11-17T12:52:00,get_questions,192.168.0.114,"Mozilla/5.0 (X11; Linux x86_64) AppleWebKit/537.36 (KHTML, like Gecko) Chrome/142.0.0.0 Safari/537.36",{'amount': 1}
2025-11-17T12:53:00,get_questions,192.168.0.114,"Mozilla/5.0 (X11; Linux x86_64) AppleWebKit/537.36 (KHTML, like Gecko) Chrome/142.0.0.0 Safari/537.36",{'amount': 1}
2025-11-17T12:54:00,get_questions,192.168.0.114,"Mozilla/5.0 (X11; Linux x86_64) AppleWebKit/537.36 (KHTML, like Gecko) Chrome/142.0.0.0 Safari/537.36",{'amount': 1}
2025-11-17T12:55:00,get_questions,192.168.0.114,"Mozilla/5.0 (X11; Linux x86_64) AppleWebKit/537.36 (KHTML, like Gecko) Chrome/142.0.0.0 Safari/537.36",{'amount': 1}
2025-11-17T12:56:00,get_questions,192.168.0.114,"Mozilla/5.0 (X11; Linux x86_64) AppleWebKit/537.36 (KHTML, like Gecko) Chrome/142.0.0.0 Safari/537.36",{'amount': 1}
2025-11-17T12:57:00,get_questions,192.168.0.114,"Mozilla/5.0 (X11; Linux x86_64) AppleWebKit/537.36 (KHTML, like Gecko) Chrome/142.0.0.0 Safari/537.36",{'amount': 1}
2025-11-17T12:58:00,get_questions,192.168.0.114,"Mozilla/5.0 (X11; Linux x86_64) AppleWebKit/537.36 (KHTML, like Gecko) Chrome/142.0.0.0 Safari/537.36",{'amount': 1}
2025-11-17T12:59:00,get_questions,192.168.0.114,"Mozilla/5.0 (X11; Linux x86_64) AppleWebKit/537.36 (KHTML, like Gecko) Chrome/142.0.0.0 Safari/537.36",{'amount': 1}
2025-11-17T13:00:00,get_questions,192.168.0.114,"Mozilla/5.0 (X11; Linux x86_64) AppleWebKit/537.36 (KHTML, like Gecko) Chrome/142.0.0.0 Safari/537.36",{'amount': 1}
2025-11-17T13:01:00,get_questions,192.168.0.114,"Mozilla/5.0 (X11; Linux x86_64) AppleWebKit/537.36 (KHTML, like Gecko) Chrome/142.0.0.0 Safari/537.36",{'amount': 1}
2025-11-17T13:02:00,get_questions,192.168.0.114,"Mozilla/5.0 (X11; Linux x86_64) AppleWebKit/537.36 (KHTML, like Gecko) Chrome/142.0.0.0 Safari/537.36",{'amount': 1}
2025-11-17T13:03:00,get_questions,192.168.0.114,"Mozilla/5.0 (X11; Linux x86_64) AppleWebKit/537.36 (KHTML, like Gecko) Chrome/142.0.0.0 Safari/537.36",{'amount': 1}
2025-11-17T13:04:00,get_questions,192.168.0.114,"Mozilla/5.0 (X11; Linux x86_64) AppleWebKit/537.36 (KHTML, like Gecko) Chrome/142.0.0.0 Safari/537.36",{'amount': 1}
2025-11-17T13:05:00,get_questions,192.168.0.114,"Mozilla/5.0 (X11; Linux x86_64) AppleWebKit/537.36 (KHTML, like Gecko) Chrome/142.0.0.0 Safari/537.36",{'amount': 1}
2025-11-17T13:06:00,get_questions,192.168.0.114,"Mozilla/5.0 (X11; Linux x86_64) AppleWebKit/537.36 (KHTML, like Gecko) Chrome/142.0.0.0 Safari/537.36",{'amount': 1}
2025-11-17T13:07:00,get_questions,192.168.0.114,"Mozilla/5.0 (X11; Linux x86_64) AppleWebKit/537.36 (KHTML, like Gecko) Chrome/142.0.0.0 Safari/537.36",{'amount': 1}
2025-11-17T13:08:00,get_questions,192.168.0.114,"Mozilla/5.0 (X11; Linux x86_64) AppleWebKit/537.36 (KHTML, like Gecko) Chrome/142.0.0.0 Safari/537.36",{'amount': 1}
2025-11-17T13:09:00,get_questions,192.168.0.114,"Mozilla/5.0 (X11; Linux x86_64) AppleWebKit/537.36 (KHTML, like Gecko) Chrome/142.0.0.0 Safari/537.36",{'amount': 1}
2025-11-17T13:10:00,get_questions,192.168.0.114,"Mozilla/5.0 (X11; Linux x86_64) AppleWebKit/537.36 (KHTML, like Gecko) Chrome/142.0.0.0 Safari/537.36",{'amount': 1}
2025-11-17T13:11:00,get_questions,192.168.0.114,"Mozilla/5.0 (X11; Linux x86_64) AppleWebKit/537.36 (KHTML, like Gecko) Chrome/142.0.0.0 Safari/537.36",{'amount': 1}
2025-11-17T13:12:00,get_questions,192.168.0.114,"Mozilla/5.0 (X11; Linux x86_64) AppleWebKit/537.36 (KHTML, like Gecko) Chrome/142.0.0.0 Safari/537.36",{'amount': 1}
2025-11-17T13:13:00,get_questions,192.168.0.114,"Mozilla/5.0 (X11; Linux x86_64) AppleWebKit/537.36 (KHTML, like Gecko) Chrome/142.0.0.0 Safari/537.36",{'amount': 1}
2025-11-17T13:14:00,get_questions,192.168.0.114,"Mozilla/5.0 (X11; Linux x86_64) AppleWebKit/537.36 (KHTML, like Gecko) Chrome/142.0.0.0 Safari/537.36",{'amount': 1}
2025-11-17T13:15:00,get_questions,192.168.0.114,"Mozilla/5.0 (X11; Linux x86_64) AppleWebKit/537.36 (KHTML, like Gecko) Chrome/142.0.0.0 Safari/537.36",{'amount': 1}
2025-11-17T13:16:00,get_questions,192.168.0.114,"Mozilla/5.0 (X11; Linux x86_64) AppleWebKit/537.36 (KHTML, like Gecko) Chrome/142.0.0.0 Safari/537.36",{'amount': 1}
2025-11-17T13:17:00,get_questions,192.168.0.114,"Mozilla/5.0 (X11; Linux x86_64) AppleWebKit/537.36 (KHTML, like Gecko) Chrome/142.0.0.0 Safari/537.36",{'amount': 1}
2025-11-17T13:18:00,get_questions,192.168.0.114,"Mozilla/5.0 (X11; Linux x86_64) AppleWebKit/537.36 (KHTML, like Gecko) Chrome/142.0.0.0 Safari/537.36",{'amount': 1}
2025-11-17T13:19:00,get_questions,192.168.0.114,"Mozilla/5.0 (X11; Linux x86_64) AppleWebKit/537.36 (KHTML, like Gecko) Chrome/142.0.0.0 Safari/537.36",{'amount': 1}
2025-11-17T13:20:00,get_questions,192.168.0.114,"Mozilla/5.0 (X11; Linux x86_64) AppleWebKit/537.36 (KHTML, like Gecko) Chrome/142.0.0.0 Safari/537.36",{'amount': 1}
2025-11-17T13:21:00,get_questions,192.168.0.114,"Mozilla/5.0 (X11; Linux x86_64) AppleWebKit/537.36 (KHTML, like Gecko) Chrome/142.0.0.0 Safari/537.36",{'amount': 1}
2025-11-17T13:22:00,get_questions,192.168.0.114,"Mozilla/5.0 (X11; Linux x86_64) AppleWebKit/537.36 (KHTML, like Gecko) Chrome/142.0.0.0 Safari/537.36",{'amount': 1}
2025-11-17T13:23:00,get_questions,192.168.0.114,"Mozilla/5.0 (X11; Linux x86_64) AppleWebKit/537.36 (KHTML, like Gecko) Chrome/142.0.0.0 Safari/537.36",{'amount': 1}
2025-11-17T13:24:00,get_questions,192.168.0.114,"Mozilla/5.0 (X11; Linux x86_64) AppleWebKit/537.36 (KHTML, like Gecko) Chrome/142.0.0.0 Safari/537.36",{'amount': 1}
2025-11-17T13:25:00,get_questions,192.168.0.114,"Mozilla/5.0 (X11; Linux x86_64) AppleWebKit/537.36 (KHTML, like Gecko) Chrome/142.0.0.0 Safari/537.36",{'amount': 1}
2025-11-17T13:26:00,get_questions,192.168.0.114,"Mozilla/5.0 (X11; Linux x86_64) AppleWebKit/537.36 (KHTML, like Gecko) Chrome/142.0.0.0 Safari/537.36",{'amount': 1}
2025-11-17T13:27:00,get_questions,192.168.0.114,"Mozilla/5.0 (X11; Linux x86_64) AppleWebKit/537.36 (KHTML, like Gecko) Chrome/142.0.0.0 Safari/537.36",{'amount': 1}
2025-11-17T13:28:00,get_questions,192.168.0.114,"Mozilla/5.0 (X11; Linux x86_64) AppleWebKit/537.36 (KHTML, like Gecko) Chrome/142.0.0.0 Safari/537.36",{'amount': 1}
2025-11-17T13:29:00,get_questions,192.168.0.114,"Mozilla/5.0 (X11; Linux x86_64) AppleWebKit/537.36 (KHTML, like Gecko) Chrome/142.0.0.0 Safari/537.36",{'amount': 1}
2025-11-17T13:30:00,get_questions,192.168.0.114,"Mozilla/5.0 (X11; Linux x86_64) AppleWebKit/537.36 (KHTML, like Gecko) Chrome/142.0.0.0 Safari/537.36",{'amount': 1}
2025-11-17T13:31:00,get_questions,192.168.0.114,"Mozilla/5.0 (X11; Linux x86_64) AppleWebKit/537.36 (KHTML, like Gecko) Chrome/142.0.0.0 Safari/537.36",{'amount': 1}
2025-11-17T13:32:00,get_questions,192.168.0.114,"Mozilla/5.0 (X11; Linux x86_64) AppleWebKit/537.36 (KHTML, like Gecko) Chrome/142.0.0.0 Safari/537.36",{'amount': 1}
2025-11-17T13:33:00,get_questions,192.168.0.114,"Mozilla/5.0 (X11; Linux x86_64) AppleWebKit/537.36 (KHTML, like Gecko) Chrome/142.0.0.0 Safari/537.36",{'amount': 1}
2025-11-17T13:34:00,get_questions,192.168.0.114,"Mozilla/5.0 (X11; Linux x86_64) AppleWebKit/537.36 (KHTML, like Gecko) Chrome/142.0.0.0 Safari/537.36",{'amount': 1}
2025-11-17T13:35:00,get_questions,192.168.0.114,"Mozilla/5.0 (X11; Linux x86_64) AppleWebKit/537.36 (KHTML, like Gecko) Chrome/142.0.0.0 Safari/537.36",{'amount': 1}
2025-11-17T13:36:00,get_questions,192.168.0.114,"Mozilla/5.0 (X11; Linux x86_64) AppleWebKit/537.36 (KHTML, like Gecko) Chrome/142.0.0.0 Safari/537.36",{'amount': 1}
2025-11-17T13:37:00,get_questions,192.168.0.114,"Mozilla/5.0 (X11; Linux x86_64) AppleWebKit/537.36 (KHTML, like Gecko) Chrome/142.0.0.0 Safari/537.36",{'amount': 1}
2025-11-17T13:38:00,get_questions,192.168.0.114,"Mozilla/5.0 (X11; Linux x86_64) AppleWebKit/537.36 (KHTML, like Gecko) Chrome/142.0.0.0 Safari/537.36",{'amount': 1}
2025-11-17T13:39:00,get_questions,192.168.0.114,"Mozilla/5.0 (X11; Linux x86_64) AppleWebKit/537.36 (KHTML, like Gecko) Chrome/142.0.0.0 Safari/537.36",{'amount': 1}
2025-11-17T13:40:00,get_questions,192.168.0.114,"Mozilla/5.0 (X11; Linux x86_64) AppleWebKit/537.36 (KHTML, like Gecko) Chrome/142.0.0.0 Safari/537.36",{'amount': 1}
2025-11-17T13:41:00,get_questions,192.168.0.114,"Mozilla/5.0 (X11; Linux x86_64) AppleWebKit/537.36 (KHTML, like Gecko) Chrome/142.0.0.0 Safari/537.36",{'amount': 1}
2025-11-17T13:42:00,get_questions,192.168.0.114,"Mozilla/5.0 (X11; Linux x86_64) AppleWebKit/537.36 (KHTML, like Gecko) Chrome/142.0.0.0 Safari/537.36",{'amount': 1}
2025-11-17T13:43:00,get_questions,192.168.0.114,"Mozilla/5.0 (X11; Linux x86_64) AppleWebKit/537.36 (KHTML, like Gecko) Chrome/142.0.0.0 Safari/537.36",{'amount': 1}
2025-11-17T13:44:00,get_questions,192.168.0.114,"Mozilla/5.0 (X11; Linux x86_64) AppleWebKit/537.36 (KHTML, like Gecko) Chrome/142.0.0.0 Safari/537.36",{'amount': 1}
2025-11-17T13:45:00,get_questions,192.168.0.114,"Mozilla/5.0 (X11; Linux x86_64) AppleWebKit/537.36 (KHTML, like Gecko) Chrome/142.0.0.0 Safari/537.36",{'amount': 1}
2025-11-17T13:46:00,get_questions,192.168.0.114,"Mozilla/5.0 (X11; Linux x86_64) AppleWebKit/537.36 (KHTML, like Gecko) Chrome/142.0.0.0 Safari/537.36",{'amount': 1}
2025-11-17T13:47:00,get_questions,192.168.0.114,"Mozilla/5.0 (X11; Linux x86_64) AppleWebKit/537.36 (KHTML, like Gecko) Chrome/142.0.0.0 Safari/537.36",{'amount': 1}
2025-11-17T13:48:00,get_questions,192.168.0.114,"Mozilla/5.0 (X11; Linux x86_64) AppleWebKit/537.36 (KHTML, like Gecko) Chrome/142.0.0.0 Safari/537.36",{'amount': 1}
2025-11-17T13:49:00,get_questions,192.168.0.114,"Mozilla/5.0 (X11; Linux x86_64) AppleWebKit/537.36 (KHTML, like Gecko) Chrome/142.0.0.0 Safari/537.36",{'amount': 1}
2025-11-17T13:50:00,get_questions,192.168.0.114,"Mozilla/5.0 (X11; Linux x86_64) AppleWebKit/537.36 (KHTML, like Gecko) Chrome/142.0.0.0 Safari/537.36",{'amount': 1}
2025-11-17T13:51:00,get_questions,192.168.0.114,"Mozilla/5.0 (X11; Linux x86_64) AppleWebKit/537.36 (KHTML, like Gecko) Chrome/142.0.0.0 Safari/537.36",{'amount': 1}
2025-11-17T14:52:02,get_questions,127.0.0.1,"Mozilla/5.0 (X11; Linux x86_64) AppleWebKit/537.36 (KHTML, like Gecko) Chrome/142.0.0.0 Safari/537.36",{'amount': 1}
2025-11-17T14:52:06,get_questions,192.168.0.114,"Mozilla/5.0 (X11; Linux x86_64) AppleWebKit/537.36 (KHTML, like Gecko) Chrome/142.0.0.0 Safari/537.36",{'amount': 1}
2025-11-17T14:52:07,get_questions,127.0.0.1,"Mozilla/5.0 (X11; Linux x86_64) AppleWebKit/537.36 (KHTML, like Gecko) Chrome/142.0.0.0 Safari/537.36",{'amount': 1}
2025-11-17T14:52:12,get_questions,127.0.0.1,"Mozilla/5.0 (X11; Linux x86_64) AppleWebKit/537.36 (KHTML, like Gecko) Chrome/142.0.0.0 Safari/537.36",{'amount': 1}
2025-11-17T14:52:16,get_questions,127.0.0.1,"Mozilla/5.0 (X11; Linux x86_64) AppleWebKit/537.36 (KHTML, like Gecko) Chrome/142.0.0.0 Safari/537.36",{'amount': 8}
2025-11-17T14:52:17,get_questions,127.0.0.1,"Mozilla/5.0 (X11; Linux x86_64) AppleWebKit/537.36 (KHTML, like Gecko) Chrome/142.0.0.0 Safari/537.36",{'amount': 1}
2025-11-17T14:52:22,get_questions,127.0.0.1,"Mozilla/5.0 (X11; Linux x86_64) AppleWebKit/537.36 (KHTML, like Gecko) Chrome/142.0.0.0 Safari/537.36",{'amount': 1}
2025-11-17T14:52:27,get_questions,127.0.0.1,"Mozilla/5.0 (X11; Linux x86_64) AppleWebKit/537.36 (KHTML, like Gecko) Chrome/142.0.0.0 Safari/537.36",{'amount': 1}
2025-11-17T14:52:32,get_questions,127.0.0.1,"Mozilla/5.0 (X11; Linux x86_64) AppleWebKit/537.36 (KHTML, like Gecko) Chrome/142.0.0.0 Safari/537.36",{'amount': 1}
2025-11-17T14:52:37,get_questions,127.0.0.1,"Mozilla/5.0 (X11; Linux x86_64) AppleWebKit/537.36 (KHTML, like Gecko) Chrome/142.0.0.0 Safari/537.36",{'amount': 1}
2025-11-17T14:52:42,get_questions,127.0.0.1,"Mozilla/5.0 (X11; Linux x86_64) AppleWebKit/537.36 (KHTML, like Gecko) Chrome/142.0.0.0 Safari/537.36",{'amount': 1}
2025-11-17T14:52:47,get_questions,127.0.0.1,"Mozilla/5.0 (X11; Linux x86_64) AppleWebKit/537.36 (KHTML, like Gecko) Chrome/142.0.0.0 Safari/537.36",{'amount': 1}
2025-11-17T14:52:52,get_questions,127.0.0.1,"Mozilla/5.0 (X11; Linux x86_64) AppleWebKit/537.36 (KHTML, like Gecko) Chrome/142.0.0.0 Safari/537.36",{'amount': 1}
2025-11-17T14:52:57,get_questions,127.0.0.1,"Mozilla/5.0 (X11; Linux x86_64) AppleWebKit/537.36 (KHTML, like Gecko) Chrome/142.0.0.0 Safari/537.36",{'amount': 1}
2025-11-17T14:53:02,get_questions,127.0.0.1,"Mozilla/5.0 (X11; Linux x86_64) AppleWebKit/537.36 (KHTML, like Gecko) Chrome/142.0.0.0 Safari/537.36",{'amount': 1}
2025-11-17T14:53:06,get_questions,192.168.0.114,"Mozilla/5.0 (X11; Linux x86_64) AppleWebKit/537.36 (KHTML, like Gecko) Chrome/142.0.0.0 Safari/537.36",{'amount': 1}
2025-11-17T14:53:07,get_questions,127.0.0.1,"Mozilla/5.0 (X11; Linux x86_64) AppleWebKit/537.36 (KHTML, like Gecko) Chrome/142.0.0.0 Safari/537.36",{'amount': 1}
2025-11-17T14:53:12,get_questions,127.0.0.1,"Mozilla/5.0 (X11; Linux x86_64) AppleWebKit/537.36 (KHTML, like Gecko) Chrome/142.0.0.0 Safari/537.36",{'amount': 1}
2025-11-17T14:53:17,get_questions,127.0.0.1,"Mozilla/5.0 (X11; Linux x86_64) AppleWebKit/537.36 (KHTML, like Gecko) Chrome/142.0.0.0 Safari/537.36",{'amount': 1}
2025-11-17T14:53:17,submit_game,127.0.0.1,"Mozilla/5.0 (X11; Linux x86_64) AppleWebKit/537.36 (KHTML, like Gecko) Chrome/142.0.0.0 Safari/537.36","{'player_name': 'Anto', 'score': 6, 'total': 8}"
2025-11-17T14:53:22,get_questions,127.0.0.1,"Mozilla/5.0 (X11; Linux x86_64) AppleWebKit/537.36 (KHTML, like Gecko) Chrome/142.0.0.0 Safari/537.36",{'amount': 1}
2025-11-17T14:54:06,get_questions,192.168.0.114,"Mozilla/5.0 (X11; Linux x86_64) AppleWebKit/537.36 (KHTML, like Gecko) Chrome/142.0.0.0 Safari/537.36",{'amount': 1}
2025-11-17T14:55:06,get_questions,192.168.0.114,"Mozilla/5.0 (X11; Linux x86_64) AppleWebKit/537.36 (KHTML, like Gecko) Chrome/142.0.0.0 Safari/537.36",{'amount': 1}
2025-11-17T14:56:06,get_questions,192.168.0.114,"Mozilla/5.0 (X11; Linux x86_64) AppleWebKit/537.36 (KHTML, like Gecko) Chrome/142.0.0.0 Safari/537.36",{'amount': 1}
2025-11-17T14:57:06,get_questions,192.168.0.114,"Mozilla/5.0 (X11; Linux x86_64) AppleWebKit/537.36 (KHTML, like Gecko) Chrome/142.0.0.0 Safari/537.36",{'amount': 1}
2025-11-17T14:58:06,get_questions,192.168.0.114,"Mozilla/5.0 (X11; Linux x86_64) AppleWebKit/537.36 (KHTML, like Gecko) Chrome/142.0.0.0 Safari/537.36",{'amount': 1}
2025-11-17T14:59:06,get_questions,192.168.0.114,"Mozilla/5.0 (X11; Linux x86_64) AppleWebKit/537.36 (KHTML, like Gecko) Chrome/142.0.0.0 Safari/537.36",{'amount': 1}
2025-11-17T15:00:06,get_questions,192.168.0.114,"Mozilla/5.0 (X11; Linux x86_64) AppleWebKit/537.36 (KHTML, like Gecko) Chrome/142.0.0.0 Safari/537.36",{'amount': 1}
2025-11-17T15:01:06,get_questions,192.168.0.114,"Mozilla/5.0 (X11; Linux x86_64) AppleWebKit/537.36 (KHTML, like Gecko) Chrome/142.0.0.0 Safari/537.36",{'amount': 1}
2025-11-17T15:02:06,get_questions,192.168.0.114,"Mozilla/5.0 (X11; Linux x86_64) AppleWebKit/537.36 (KHTML, like Gecko) Chrome/142.0.0.0 Safari/537.36",{'amount': 1}
2025-11-17T15:03:06,get_questions,192.168.0.114,"Mozilla/5.0 (X11; Linux x86_64) AppleWebKit/537.36 (KHTML, like Gecko) Chrome/142.0.0.0 Safari/537.36",{'amount': 1}
2025-11-17T15:04:06,get_questions,192.168.0.114,"Mozilla/5.0 (X11; Linux x86_64) AppleWebKit/537.36 (KHTML, like Gecko) Chrome/142.0.0.0 Safari/537.36",{'amount': 1}
2025-11-17T15:05:06,get_questions,192.168.0.114,"Mozilla/5.0 (X11; Linux x86_64) AppleWebKit/537.36 (KHTML, like Gecko) Chrome/142.0.0.0 Safari/537.36",{'amount': 1}
2025-11-17T15:06:06,get_questions,192.168.0.114,"Mozilla/5.0 (X11; Linux x86_64) AppleWebKit/537.36 (KHTML, like Gecko) Chrome/142.0.0.0 Safari/537.36",{'amount': 1}
2025-11-17T15:07:06,get_questions,192.168.0.114,"Mozilla/5.0 (X11; Linux x86_64) AppleWebKit/537.36 (KHTML, like Gecko) Chrome/142.0.0.0 Safari/537.36",{'amount': 1}
2025-11-17T15:07:23,get_questions,192.168.0.114,"Mozilla/5.0 (X11; Linux x86_64) AppleWebKit/537.36 (KHTML, like Gecko) Chrome/142.0.0.0 Safari/537.36",{'amount': 1}
2025-11-17T15:07:24,get_questions,192.168.0.114,"Mozilla/5.0 (X11; Linux x86_64) AppleWebKit/537.36 (KHTML, like Gecko) Chrome/142.0.0.0 Safari/537.36",{'amount': 1}
2025-11-17T15:07:29,get_questions,192.168.0.114,"Mozilla/5.0 (X11; Linux x86_64) AppleWebKit/537.36 (KHTML, like Gecko) Chrome/142.0.0.0 Safari/537.36",{'amount': 1}
2025-11-17T15:07:35,get_questions,192.168.0.114,"Mozilla/5.0 (X11; Linux x86_64) AppleWebKit/537.36 (KHTML, like Gecko) Chrome/142.0.0.0 Safari/537.36",{'amount': 1}
2025-11-17T15:07:36,get_questions,127.0.0.1,"Mozilla/5.0 (X11; Linux x86_64) AppleWebKit/537.36 (KHTML, like Gecko) Chrome/142.0.0.0 Safari/537.36",{'amount': 1}
2025-11-17T15:07:40,get_questions,192.168.0.114,"Mozilla/5.0 (X11; Linux x86_64) AppleWebKit/537.36 (KHTML, like Gecko) Chrome/142.0.0.0 Safari/537.36",{'amount': 1}
2025-11-17T15:07:41,get_questions,127.0.0.1,"Mozilla/5.0 (X11; Linux x86_64) AppleWebKit/537.36 (KHTML, like Gecko) Chrome/142.0.0.0 Safari/537.36",{'amount': 1}
2025-11-17T15:07:45,get_questions,192.168.0.114,"Mozilla/5.0 (X11; Linux x86_64) AppleWebKit/537.36 (KHTML, like Gecko) Chrome/142.0.0.0 Safari/537.36",{'amount': 1}
2025-11-17T15:07:46,get_questions,127.0.0.1,"Mozilla/5.0 (X11; Linux x86_64) AppleWebKit/537.36 (KHTML, like Gecko) Chrome/142.0.0.0 Safari/537.36",{'amount': 1}
2025-11-17T15:07:49,get_questions,192.168.0.114,"Mozilla/5.0 (X11; Linux x86_64) AppleWebKit/537.36 (KHTML, like Gecko) Chrome/142.0.0.0 Safari/537.36",{'amount': 1}
2025-11-17T15:07:52,get_questions,127.0.0.1,"Mozilla/5.0 (X11; Linux x86_64) AppleWebKit/537.36 (KHTML, like Gecko) Chrome/142.0.0.0 Safari/537.36",{'amount': 1}
2025-11-17T15:07:55,get_questions,192.168.0.114,"Mozilla/5.0 (X11; Linux x86_64) AppleWebKit/537.36 (KHTML, like Gecko) Chrome/142.0.0.0 Safari/537.36",{'amount': 1}
2025-11-17T15:07:57,get_questions,127.0.0.1,"Mozilla/5.0 (X11; Linux x86_64) AppleWebKit/537.36 (KHTML, like Gecko) Chrome/142.0.0.0 Safari/537.36",{'amount': 1}
2025-11-17T15:08:00,get_questions,192.168.0.114,"Mozilla/5.0 (X11; Linux x86_64) AppleWebKit/537.36 (KHTML, like Gecko) Chrome/142.0.0.0 Safari/537.36",{'amount': 1}
2025-11-17T15:08:02,get_questions,127.0.0.1,"Mozilla/5.0 (X11; Linux x86_64) AppleWebKit/537.36 (KHTML, like Gecko) Chrome/142.0.0.0 Safari/537.36",{'amount': 1}
2025-11-17T15:08:05,get_questions,192.168.0.114,"Mozilla/5.0 (X11; Linux x86_64) AppleWebKit/537.36 (KHTML, like Gecko) Chrome/142.0.0.0 Safari/537.36",{'amount': 1}
2025-11-17T15:08:07,get_questions,127.0.0.1,"Mozilla/5.0 (X11; Linux x86_64) AppleWebKit/537.36 (KHTML, like Gecko) Chrome/142.0.0.0 Safari/537.36",{'amount': 1}
2025-11-17T15:08:10,get_questions,192.168.0.114,"Mozilla/5.0 (X11; Linux x86_64) AppleWebKit/537.36 (KHTML, like Gecko) Chrome/142.0.0.0 Safari/537.36",{'amount': 1}
2025-11-17T15:08:12,get_questions,127.0.0.1,"Mozilla/5.0 (X11; Linux x86_64) AppleWebKit/537.36 (KHTML, like Gecko) Chrome/142.0.0.0 Safari/537.36",{'amount': 1}
2025-11-17T15:08:15,get_questions,192.168.0.114,"Mozilla/5.0 (X11; Linux x86_64) AppleWebKit/537.36 (KHTML, like Gecko) Chrome/142.0.0.0 Safari/537.36",{'amount': 1}
2025-11-17T15:08:15,get_questions,127.0.0.1,"Mozilla/5.0 (X11; Linux x86_64) AppleWebKit/537.36 (KHTML, like Gecko) Chrome/142.0.0.0 Safari/537.36",{'amount': 5}
2025-11-17T15:08:16,get_questions,127.0.0.1,"Mozilla/5.0 (X11; Linux x86_64) AppleWebKit/537.36 (KHTML, like Gecko) Chrome/142.0.0.0 Safari/537.36",{'amount': 1}
2025-11-17T15:08:20,get_questions,192.168.0.114,"Mozilla/5.0 (X11; Linux x86_64) AppleWebKit/537.36 (KHTML, like Gecko) Chrome/142.0.0.0 Safari/537.36",{'amount': 1}
2025-11-17T15:08:23,get_questions,127.0.0.1,"Mozilla/5.0 (X11; Linux x86_64) AppleWebKit/537.36 (KHTML, like Gecko) Chrome/142.0.0.0 Safari/537.36",{'amount': 1}
2025-11-17T15:08:25,get_questions,192.168.0.114,"Mozilla/5.0 (X11; Linux x86_64) AppleWebKit/537.36 (KHTML, like Gecko) Chrome/142.0.0.0 Safari/537.36",{'amount': 1}
2025-11-17T15:08:28,get_questions,127.0.0.1,"Mozilla/5.0 (X11; Linux x86_64) AppleWebKit/537.36 (KHTML, like Gecko) Chrome/142.0.0.0 Safari/537.36",{'amount': 1}
2025-11-17T15:08:30,get_questions,192.168.0.114,"Mozilla/5.0 (X11; Linux x86_64) AppleWebKit/537.36 (KHTML, like Gecko) Chrome/142.0.0.0 Safari/537.36",{'amount': 1}
2025-11-17T15:08:33,get_questions,127.0.0.1,"Mozilla/5.0 (X11; Linux x86_64) AppleWebKit/537.36 (KHTML, like Gecko) Chrome/142.0.0.0 Safari/537.36",{'amount': 1}
2025-11-17T15:08:35,get_questions,192.168.0.114,"Mozilla/5.0 (X11; Linux x86_64) AppleWebKit/537.36 (KHTML, like Gecko) Chrome/142.0.0.0 Safari/537.36",{'amount': 1}
2025-11-17T15:08:38,get_questions,127.0.0.1,"Mozilla/5.0 (X11; Linux x86_64) AppleWebKit/537.36 (KHTML, like Gecko) Chrome/142.0.0.0 Safari/537.36",{'amount': 1}
2025-11-17T15:08:40,get_questions,192.168.0.114,"Mozilla/5.0 (X11; Linux x86_64) AppleWebKit/537.36 (KHTML, like Gecko) Chrome/142.0.0.0 Safari/537.36",{'amount': 1}
2025-11-17T15:08:43,get_questions,127.0.0.1,"Mozilla/5.0 (X11; Linux x86_64) AppleWebKit/537.36 (KHTML, like Gecko) Chrome/142.0.0.0 Safari/537.36",{'amount': 1}
2025-11-17T15:08:45,get_questions,192.168.0.114,"Mozilla/5.0 (X11; Linux x86_64) AppleWebKit/537.36 (KHTML, like Gecko) Chrome/142.0.0.0 Safari/537.36",{'amount': 1}
2025-11-17T15:08:48,get_questions,127.0.0.1,"Mozilla/5.0 (X11; Linux x86_64) AppleWebKit/537.36 (KHTML, like Gecko) Chrome/142.0.0.0 Safari/537.36",{'amount': 1}
2025-11-17T15:08:50,get_questions,192.168.0.114,"Mozilla/5.0 (X11; Linux x86_64) AppleWebKit/537.36 (KHTML, like Gecko) Chrome/142.0.0.0 Safari/537.36",{'amount': 1}
2025-11-17T15:08:53,get_questions,127.0.0.1,"Mozilla/5.0 (X11; Linux x86_64) AppleWebKit/537.36 (KHTML, like Gecko) Chrome/142.0.0.0 Safari/537.36",{'amount': 1}
2025-11-17T15:08:55,get_questions,192.168.0.114,"Mozilla/5.0 (X11; Linux x86_64) AppleWebKit/537.36 (KHTML, like Gecko) Chrome/142.0.0.0 Safari/537.36",{'amount': 1}
2025-11-17T15:08:58,get_questions,127.0.0.1,"Mozilla/5.0 (X11; Linux x86_64) AppleWebKit/537.36 (KHTML, like Gecko) Chrome/142.0.0.0 Safari/537.36",{'amount': 1}
2025-11-17T15:09:00,get_questions,192.168.0.114,"Mozilla/5.0 (X11; Linux x86_64) AppleWebKit/537.36 (KHTML, like Gecko) Chrome/142.0.0.0 Safari/537.36",{'amount': 1}
2025-11-17T15:09:03,get_questions,127.0.0.1,"Mozilla/5.0 (X11; Linux x86_64) AppleWebKit/537.36 (KHTML, like Gecko) Chrome/142.0.0.0 Safari/537.36",{'amount': 1}
2025-11-17T15:09:05,get_questions,192.168.0.114,"Mozilla/5.0 (X11; Linux x86_64) AppleWebKit/537.36 (KHTML, like Gecko) Chrome/142.0.0.0 Safari/537.36",{'amount': 1}
2025-11-17T15:09:08,get_questions,127.0.0.1,"Mozilla/5.0 (X11; Linux x86_64) AppleWebKit/537.36 (KHTML, like Gecko) Chrome/142.0.0.0 Safari/537.36",{'amount': 1}
2025-11-17T15:09:10,get_questions,192.168.0.114,"Mozilla/5.0 (X11; Linux x86_64) AppleWebKit/537.36 (KHTML, like Gecko) Chrome/142.0.0.0 Safari/537.36",{'amount': 1}
2025-11-17T15:09:13,get_questions,127.0.0.1,"Mozilla/5.0 (X11; Linux x86_64) AppleWebKit/537.36 (KHTML, like Gecko) Chrome/142.0.0.0 Safari/537.36",{'amount': 1}
2025-11-17T15:09:15,get_questions,192.168.0.114,"Mozilla/5.0 (X11; Linux x86_64) AppleWebKit/537.36 (KHTML, like Gecko) Chrome/142.0.0.0 Safari/537.36",{'amount': 1}
2025-11-17T15:09:18,get_questions,127.0.0.1,"Mozilla/5.0 (X11; Linux x86_64) AppleWebKit/537.36 (KHTML, like Gecko) Chrome/142.0.0.0 Safari/537.36",{'amount': 1}
2025-11-17T15:09:20,get_questions,192.168.0.114,"Mozilla/5.0 (X11; Linux x86_64) AppleWebKit/537.36 (KHTML, like Gecko) Chrome/142.0.0.0 Safari/537.36",{'amount': 1}
2025-11-17T15:09:23,get_questions,127.0.0.1,"Mozilla/5.0 (X11; Linux x86_64) AppleWebKit/537.36 (KHTML, like Gecko) Chrome/142.0.0.0 Safari/537.36",{'amount': 1}
2025-11-17T15:09:25,get_questions,192.168.0.114,"Mozilla/5.0 (X11; Linux x86_64) AppleWebKit/537.36 (KHTML, like Gecko) Chrome/142.0.0.0 Safari/537.36",{'amount': 1}
2025-11-17T15:09:28,get_questions,127.0.0.1,"Mozilla/5.0 (X11; Linux x86_64) AppleWebKit/537.36 (KHTML, like Gecko) Chrome/142.0.0.0 Safari/537.36",{'amount': 1}
2025-11-17T15:09:30,get_questions,192.168.0.114,"Mozilla/5.0 (X11; Linux x86_64) AppleWebKit/537.36 (KHTML, like Gecko) Chrome/142.0.0.0 Safari/537.36",{'amount': 1}
2025-11-17T15:09:33,get_questions,127.0.0.1,"Mozilla/5.0 (X11; Linux x86_64) AppleWebKit/537.36 (KHTML, like Gecko) Chrome/142.0.0.0 Safari/537.36",{'amount': 1}
2025-11-17T15:09:35,get_questions,192.168.0.114,"Mozilla/5.0 (X11; Linux x86_64) AppleWebKit/537.36 (KHTML, like Gecko) Chrome/142.0.0.0 Safari/537.36",{'amount': 1}
2025-11-17T15:10:06,get_questions,127.0.0.1,"Mozilla/5.0 (X11; Linux x86_64) AppleWebKit/537.36 (KHTML, like Gecko) Chrome/142.0.0.0 Safari/537.36",{'amount': 1}
2025-11-17T15:10:06,get_questions,192.168.0.114,"Mozilla/5.0 (X11; Linux x86_64) AppleWebKit/537.36 (KHTML, like Gecko) Chrome/142.0.0.0 Safari/537.36",{'amount': 1}
2025-11-17T15:11:06,get_questions,192.168.0.114,"Mozilla/5.0 (X11; Linux x86_64) AppleWebKit/537.36 (KHTML, like Gecko) Chrome/142.0.0.0 Safari/537.36",{'amount': 1}
2025-11-17T15:11:06,get_questions,127.0.0.1,"Mozilla/5.0 (X11; Linux x86_64) AppleWebKit/537.36 (KHTML, like Gecko) Chrome/142.0.0.0 Safari/537.36",{'amount': 1}
2025-11-17T15:12:06,get_questions,127.0.0.1,"Mozilla/5.0 (X11; Linux x86_64) AppleWebKit/537.36 (KHTML, like Gecko) Chrome/142.0.0.0 Safari/537.36",{'amount': 1}
2025-11-17T15:12:06,get_questions,192.168.0.114,"Mozilla/5.0 (X11; Linux x86_64) AppleWebKit/537.36 (KHTML, like Gecko) Chrome/142.0.0.0 Safari/537.36",{'amount': 1}
2025-11-17T15:13:06,get_questions,127.0.0.1,"Mozilla/5.0 (X11; Linux x86_64) AppleWebKit/537.36 (KHTML, like Gecko) Chrome/142.0.0.0 Safari/537.36",{'amount': 1}
2025-11-17T15:13:06,get_questions,192.168.0.114,"Mozilla/5.0 (X11; Linux x86_64) AppleWebKit/537.36 (KHTML, like Gecko) Chrome/142.0.0.0 Safari/537.36",{'amount': 1}
2025-11-17T15:14:06,get_questions,127.0.0.1,"Mozilla/5.0 (X11; Linux x86_64) AppleWebKit/537.36 (KHTML, like Gecko) Chrome/142.0.0.0 Safari/537.36",{'amount': 1}
2025-11-17T15:14:06,get_questions,192.168.0.114,"Mozilla/5.0 (X11; Linux x86_64) AppleWebKit/537.36 (KHTML, like Gecko) Chrome/142.0.0.0 Safari/537.36",{'amount': 1}
2025-11-17T15:15:06,get_questions,127.0.0.1,"Mozilla/5.0 (X11; Linux x86_64) AppleWebKit/537.36 (KHTML, like Gecko) Chrome/142.0.0.0 Safari/537.36",{'amount': 1}
2025-11-17T15:15:06,get_questions,192.168.0.114,"Mozilla/5.0 (X11; Linux x86_64) AppleWebKit/537.36 (KHTML, like Gecko) Chrome/142.0.0.0 Safari/537.36",{'amount': 1}
2025-11-17T15:16:06,get_questions,127.0.0.1,"Mozilla/5.0 (X11; Linux x86_64) AppleWebKit/537.36 (KHTML, like Gecko) Chrome/142.0.0.0 Safari/537.36",{'amount': 1}
2025-11-17T15:16:06,get_questions,192.168.0.114,"Mozilla/5.0 (X11; Linux x86_64) AppleWebKit/537.36 (KHTML, like Gecko) Chrome/142.0.0.0 Safari/537.36",{'amount': 1}
2025-11-17T15:17:06,get_questions,192.168.0.114,"Mozilla/5.0 (X11; Linux x86_64) AppleWebKit/537.36 (KHTML, like Gecko) Chrome/142.0.0.0 Safari/537.36",{'amount': 1}
2025-11-17T15:17:06,get_questions,127.0.0.1,"Mozilla/5.0 (X11; Linux x86_64) AppleWebKit/537.36 (KHTML, like Gecko) Chrome/142.0.0.0 Safari/537.36",{'amount': 1}
2025-11-17T15:18:02,get_questions,192.168.0.114,"Mozilla/5.0 (X11; Linux x86_64) AppleWebKit/537.36 (KHTML, like Gecko) Chrome/142.0.0.0 Safari/537.36",{'amount': 1}
2025-11-17T15:18:04,get_questions,192.168.0.114,"Mozilla/5.0 (X11; Linux x86_64) AppleWebKit/537.36 (KHTML, like Gecko) Chrome/142.0.0.0 Safari/537.36",{'amount': 1}
2025-11-17T15:18:06,get_questions,127.0.0.1,"Mozilla/5.0 (X11; Linux x86_64) AppleWebKit/537.36 (KHTML, like Gecko) Chrome/142.0.0.0 Safari/537.36",{'amount': 1}
2025-11-17T15:18:07,get_questions,192.168.0.114,"Mozilla/5.0 (X11; Linux x86_64) AppleWebKit/537.36 (KHTML, like Gecko) Chrome/142.0.0.0 Safari/537.36",{'amount': 1}
2025-11-17T15:18:12,get_questions,192.168.0.114,"Mozilla/5.0 (X11; Linux x86_64) AppleWebKit/537.36 (KHTML, like Gecko) Chrome/142.0.0.0 Safari/537.36",{'amount': 1}
2025-11-17T15:18:16,get_questions,192.168.0.114,"Mozilla/5.0 (X11; Linux x86_64) AppleWebKit/537.36 (KHTML, like Gecko) Chrome/142.0.0.0 Safari/537.36",{'amount': 3}
2025-11-17T15:18:17,get_questions,192.168.0.114,"Mozilla/5.0 (X11; Linux x86_64) AppleWebKit/537.36 (KHTML, like Gecko) Chrome/142.0.0.0 Safari/537.36",{'amount': 1}
2025-11-17T15:18:22,get_questions,192.168.0.114,"Mozilla/5.0 (X11; Linux x86_64) AppleWebKit/537.36 (KHTML, like Gecko) Chrome/142.0.0.0 Safari/537.36",{'amount': 1}
2025-11-17T15:18:27,get_questions,192.168.0.114,"Mozilla/5.0 (X11; Linux x86_64) AppleWebKit/537.36 (KHTML, like Gecko) Chrome/142.0.0.0 Safari/537.36",{'amount': 1}
2025-11-17T15:18:32,get_questions,192.168.0.114,"Mozilla/5.0 (X11; Linux x86_64) AppleWebKit/537.36 (KHTML, like Gecko) Chrome/142.0.0.0 Safari/537.36",{'amount': 1}
2025-11-17T15:18:34,submit_game,192.168.0.114,"Mozilla/5.0 (X11; Linux x86_64) AppleWebKit/537.36 (KHTML, like Gecko) Chrome/142.0.0.0 Safari/537.36","{'player_name': 'nelson', 'score': 3, 'total': 3}"
2025-11-17T15:18:37,get_questions,192.168.0.114,"Mozilla/5.0 (X11; Linux x86_64) AppleWebKit/537.36 (KHTML, like Gecko) Chrome/142.0.0.0 Safari/537.36",{'amount': 1}
2025-11-17T15:18:42,get_questions,192.168.0.114,"Mozilla/5.0 (X11; Linux x86_64) AppleWebKit/537.36 (KHTML, like Gecko) Chrome/142.0.0.0 Safari/537.36",{'amount': 1}
2025-11-17T15:18:47,get_questions,192.168.0.114,"Mozilla/5.0 (X11; Linux x86_64) AppleWebKit/537.36 (KHTML, like Gecko) Chrome/142.0.0.0 Safari/537.36",{'amount': 1}
2025-11-17T15:18:52,get_questions,192.168.0.114,"Mozilla/5.0 (X11; Linux x86_64) AppleWebKit/537.36 (KHTML, like Gecko) Chrome/142.0.0.0 Safari/537.36",{'amount': 1}
2025-11-17T15:18:58,get_questions,192.168.0.114,"Mozilla/5.0 (X11; Linux x86_64) AppleWebKit/537.36 (KHTML, like Gecko) Chrome/142.0.0.0 Safari/537.36",{'amount': 1}
2025-11-17T15:19:03,get_questions,192.168.0.114,"Mozilla/5.0 (X11; Linux x86_64) AppleWebKit/537.36 (KHTML, like Gecko) Chrome/142.0.0.0 Safari/537.36",{'amount': 1}
2025-11-17T15:19:06,get_questions,127.0.0.1,"Mozilla/5.0 (X11; Linux x86_64) AppleWebKit/537.36 (KHTML, like Gecko) Chrome/142.0.0.0 Safari/537.36",{'amount': 1}
2025-11-17T15:19:08,get_questions,192.168.0.114,"Mozilla/5.0 (X11; Linux x86_64) AppleWebKit/537.36 (KHTML, like Gecko) Chrome/142.0.0.0 Safari/537.36",{'amount': 1}
2025-11-17T15:19:12,get_questions,127.0.0.1,"Mozilla/5.0 (X11; Linux x86_64) AppleWebKit/537.36 (KHTML, like Gecko) Chrome/142.0.0.0 Safari/537.36",{'amount': 1}
2025-11-17T15:19:13,get_questions,127.0.0.1,"Mozilla/5.0 (X11; Linux x86_64) AppleWebKit/537.36 (KHTML, like Gecko) Chrome/142.0.0.0 Safari/537.36",{'amount': 1}
2025-11-17T15:19:13,get_questions,192.168.0.114,"Mozilla/5.0 (X11; Linux x86_64) AppleWebKit/537.36 (KHTML, like Gecko) Chrome/142.0.0.0 Safari/537.36",{'amount': 1}
2025-11-17T15:19:18,get_questions,127.0.0.1,"Mozilla/5.0 (X11; Linux x86_64) AppleWebKit/537.36 (KHTML, like Gecko) Chrome/142.0.0.0 Safari/537.36",{'amount': 1}
2025-11-17T15:19:18,get_questions,192.168.0.114,"Mozilla/5.0 (X11; Linux x86_64) AppleWebKit/537.36 (KHTML, like Gecko) Chrome/142.0.0.0 Safari/537.36",{'amount': 1}
2025-11-17T15:19:19,get_questions,127.0.0.1,"Mozilla/5.0 (X11; Linux x86_64) AppleWebKit/537.36 (KHTML, like Gecko) Chrome/142.0.0.0 Safari/537.36",{'amount': 3}
2025-11-17T15:19:23,get_questions,127.0.0.1,"Mozilla/5.0 (X11; Linux x86_64) AppleWebKit/537.36 (KHTML, like Gecko) Chrome/142.0.0.0 Safari/537.36",{'amount': 1}
2025-11-17T15:19:23,get_questions,192.168.0.114,"Mozilla/5.0 (X11; Linux x86_64) AppleWebKit/537.36 (KHTML, like Gecko) Chrome/142.0.0.0 Safari/537.36",{'amount': 1}
2025-11-17T15:19:28,get_questions,127.0.0.1,"Mozilla/5.0 (X11; Linux x86_64) AppleWebKit/537.36 (KHTML, like Gecko) Chrome/142.0.0.0 Safari/537.36",{'amount': 1}
2025-11-17T15:19:28,get_questions,192.168.0.114,"Mozilla/5.0 (X11; Linux x86_64) AppleWebKit/537.36 (KHTML, like Gecko) Chrome/142.0.0.0 Safari/537.36",{'amount': 1}
2025-11-17T15:19:33,get_questions,127.0.0.1,"Mozilla/5.0 (X11; Linux x86_64) AppleWebKit/537.36 (KHTML, like Gecko) Chrome/142.0.0.0 Safari/537.36",{'amount': 1}
2025-11-17T15:19:33,get_questions,192.168.0.114,"Mozilla/5.0 (X11; Linux x86_64) AppleWebKit/537.36 (KHTML, like Gecko) Chrome/142.0.0.0 Safari/537.36",{'amount': 1}
2025-11-17T15:19:37,submit_game,127.0.0.1,"Mozilla/5.0 (X11; Linux x86_64) AppleWebKit/537.36 (KHTML, like Gecko) Chrome/142.0.0.0 Safari/537.36","{'player_name': 'maria', 'score': 2, 'total': 3}"
2025-11-17T15:19:38,get_questions,127.0.0.1,"Mozilla/5.0 (X11; Linux x86_64) AppleWebKit/537.36 (KHTML, like Gecko) Chrome/142.0.0.0 Safari/537.36",{'amount': 1}
2025-11-17T15:19:38,get_questions,192.168.0.114,"Mozilla/5.0 (X11; Linux x86_64) AppleWebKit/537.36 (KHTML, like Gecko) Chrome/142.0.0.0 Safari/537.36",{'amount': 1}
2025-11-17T15:19:43,get_questions,127.0.0.1,"Mozilla/5.0 (X11; Linux x86_64) AppleWebKit/537.36 (KHTML, like Gecko) Chrome/142.0.0.0 Safari/537.36",{'amount': 1}
2025-11-17T15:19:43,get_questions,192.168.0.114,"Mozilla/5.0 (X11; Linux x86_64) AppleWebKit/537.36 (KHTML, like Gecko) Chrome/142.0.0.0 Safari/537.36",{'amount': 1}
2025-11-17T15:19:48,get_questions,192.168.0.114,"Mozilla/5.0 (X11; Linux x86_64) AppleWebKit/537.36 (KHTML, like Gecko) Chrome/142.0.0.0 Safari/537.36",{'amount': 1}
2025-11-17T15:19:53,get_questions,192.168.0.114,"Mozilla/5.0 (X11; Linux x86_64) AppleWebKit/537.36 (KHTML, like Gecko) Chrome/142.0.0.0 Safari/537.36",{'amount': 1}
